"district","county","subcounty","parish","village","school_name","ownership","institution_type","location_code","facility_id","latitude","longitude","thematic_area"
"Kayunga","Bbaale","Bbaale","","","Bbaale Senior Secondary School","Government","Secondary","D01S09","bbaale_senior_secondary_school_kayunga","","","education"
"Kayunga","Bbaale","Galiraya","","","Galiraya Seed Secondary School","Government","Secondary","D01S12","galiraya_seed_secondary_school_kayunga","","","education"
"Kayunga","Bbaale","Kayonza","","","Naalinya Irene Ndagire Secondary School","Government","Secondary","D01S10","naalinya_irene_ndagire_secondary_school_kayunga","","","education"
"Kayunga","Bbaale","Kitimbwa","","","Kitatya Senior Secondary School","Government","Secondary","D01S11","kitatya_senior_secondary_school_kayunga","","","education"
"Kayunga","Ntenjeru","Busaana","","","St Peters Kibuzi Senior Secondary School","Government","Secondary","D01S08","st_peters_kibuzi_senior_secondary_school_kayunga","","","education"
"Kayunga","Ntenjeru","Busaana Town Council","","","Busaana Secondary School","Government","Secondary","D01S07","busaana_secondary_school_kayunga","","","education"
"Kayunga","Ntenjeru","Kangulumira Town Council","","","Kangulumira Public Secondary School","Government","Secondary","D01S01","kangulumira_public_secondary_school_kayunga","","","education"
"Kayunga","Ntenjeru","Kayunga","","","Kanjuki Senior Secondary School","Government","Secondary","D01S06","kanjuki_senior_secondary_school_kayunga","","","education"
"Kayunga","Ntenjeru","Kayunga Town Council","","","Namagabi Senior Secondary School","Government","Secondary","D01S05","namagabi_senior_secondary_school_kayunga","","","education"
"Kayunga","Ntenjeru","Kayunga Town Council","","","Ndeeba Senior Secondary School","Government","Secondary","D01S05","ndeeba_senior_secondary_school_kayunga","","","education"
"Kayunga","Ntenjeru","Nazigo","","","Musiitwa Seed Secondary School","Government","Secondary","D01S04","musiitwa_seed_secondary_school_kayunga","","","education"
"Kayunga","Ntenjeru","Nazigo Town Council","","","St Kalemba Senior Secondary School","Government","Secondary","D01S03","st_kalemba_senior_secondary_school_kayunga","","","education"
"Kayunga","Bbaale","Bbaale","","","Bbaale Senior Secondary School","Government","Secondary","D01S09","bbaale-senior-secondary-school_kayunga","","","education"
"Kayunga","Bbaale","Galiraya","","","Galiraya Seed Secondary School","Government","Secondary","D01S12","galiraya-seed-secondary-school_kayunga","","","education"
"Kayunga","Bbaale","Kayonza","","","Naalinya Irene Ndagire Secondary School","Government","Secondary","D01S10","naalinya-irene-ndagire-secondary-school_kayunga","","","education"
"Kayunga","Bbaale","Kitimbwa","","","Kitatya Senior Secondary School","Government","Secondary","D01S11","kitatya-senior-secondary-school_kayunga","","","education"
"Kayunga","Ntenjeru","Busaana","","","St Peters Kibuzi Senior Secondary School","Government","Secondary","D01S08","st-peters-kibuzi-senior-secondary-school_kayunga","","","education"
"Kayunga","Ntenjeru","Busaana Town Council","","","Busaana Secondary School","Government","Secondary","D01S07","busaana-secondary-school_kayunga","","","education"
"Kayunga","Ntenjeru","Kangulumira Town Council","","","Kangulumira Public Secondary School","Government","Secondary","D01S01","kangulumira-public-secondary-school_kayunga","","","education"
"Kayunga","Ntenjeru","Kayunga","","","Kanjuki Senior Secondary School","Government","Secondary","D01S06","kanjuki-senior-secondary-school_kayunga","","","education"
"Kayunga","Ntenjeru","Kayunga Town Council","","","Namagabi Senior Secondary School","Government","Secondary","D01S05","namagabi-senior-secondary-school_kayunga","","","education"
"Kayunga","Ntenjeru","Kayunga Town Council","","","Ndeeba Senior Secondary School","Government","Secondary","D01S05","ndeeba-senior-secondary-school_kayunga","","","education"
"Kayunga","Ntenjeru","Nazigo","","","Musiitwa Seed Secondary School","Government","Secondary","D01S04","musiitwa-seed-secondary-school_kayunga","","","education"
"Kayunga","Ntenjeru","Nazigo Town Council","","","St Kalemba Senior Secondary School","Government","Secondary","D01S03","st-kalemba-senior-secondary-school_kayunga","","","education"
"Masindi","Bujenje","Bikonzi","Bikonzi","","Ikoba Boys Primary School","Government","Primary","D02S12P01","ikoba-boys-primary-school_masindi","","","education"
"Masindi","Bujenje","Bikonzi","Bikonzi","","Ikoba Girls Primary School","Government","Primary","D02S12P01","ikoba-girls-primary-school_masindi","","","education"
"Masindi","Bujenje","Bikonzi","Bikonzi","","Isagara Primary School","Government","Primary","D02S12P01","isagara-primary-school_masindi","","","education"
"Masindi","Bujenje","Bikonzi","Bikonzi","","Kihoole Primary School","Government","Primary","D02S12P01","kihoole-primary-school_masindi","","","education"
"Masindi","Bujenje","Bikonzi","Bikonzi","","Masindi Centre For The Handcapped","Government","Primary","D02S12P01","masindi-centre-for-the-handcapped_masindi","","","education"
"Masindi","Bujenje","Bikonzi","Kikube","","Kikuube Primary School","Government","Primary","D02S12P02","kikuube-primary-school_masindi","","","education"
"Masindi","Bujenje","Bikonzi","Kikube","","Kinywamurara Primary School","Government","Primary","D02S12P02","kinywamurara-primary-school_masindi","","","education"
"Masindi","Bujenje","Bikonzi","Rukondwa","","Kichandi Primary School","Government","Primary","D02S12P03","kichandi-primary-school_masindi","","","education"
"Masindi","Bujenje","Bikonzi","Rukondwa","","Kiina Primary School","Government","Primary","D02S12P03","kiina-primary-school_masindi","","","education"
"Masindi","Bujenje","Bikonzi","Rukondwa","","Kitonozi Primary School","Government","Primary","D02S12P03","kitonozi-primary-school_masindi","","","education"
"Masindi","Bujenje","Bikonzi","Rukondwa","","Rukondwa Primary School","Government","Primary","D02S12P03","rukondwa-primary-school_masindi","","","education"
"Masindi","Bujenje","Budongo","Bwinamira","","Bulyango Public Primary School","Government","Primary","D02S22P01","bulyango-public-primary-school_masindi","","","education"
"Masindi","Bujenje","Budongo","Karongo","","Karongo Primary School","Government","Primary","D02S22P02","karongo-primary-school_masindi","","","education"
"Masindi","Bujenje","Budongo","Kasongoire","","Kasongoire Primary School","Government","Primary","D02S22P03","kasongoire-primary-school_masindi","","","education"
"Masindi","Bujenje","Budongo","Nyabyeya","","Budongo Saw Mill Primary School","Government","Primary","D02S22P04","budongo-saw-mill-primary-school_masindi","","","education"
"Masindi","Bujenje","Budongo","Nyabyeya","","Nyabyeya Primary School","Government","Primary","D02S22P04","nyabyeya-primary-school_masindi","","","education"
"Masindi","Bujenje","Bulima Town Council","Kisalizi Ward","","Kisalizi Primary School","Government","Primary","D02S17P02","kisalizi-primary-school_masindi","","","education"
"Masindi","Bujenje","Bulima Town Council","Marongo Ward","","Marongo Primary School","Government","Primary","D02S17P03","marongo-primary-school_masindi","","","education"
"Masindi","Bujenje","Bwijanga","Kahembe","","Bulima Primary School","Government","Primary","D02S13P02","bulima-primary-school_masindi","","","education"
"Masindi","Bujenje","Bwijanga","Kahembe","","Murro Primary School","Government","Primary","D02S13P02","murro-primary-school_masindi","","","education"
"Masindi","Bujenje","Bwijanga","Kahembe","","St Kizito Murro Primary School","Government","Primary","D02S13P02","st-kizito-murro-primary-school_masindi","","","education"
"Masindi","Bujenje","Bwijanga","Kitamba","","Byerima Primary School","Government","Primary","D02S13P03","byerima-primary-school_masindi","","","education"
"Masindi","Bujenje","Bwijanga","Kitamba","","Isimba Primary School","Government","Primary","D02S13P03","isimba-primary-school_masindi","","","education"
"Masindi","Bujenje","Bwijanga","Kitamba","","Kikingura Primary School","Government","Primary","D02S13P03","kikingura-primary-school_masindi","","","education"
"Masindi","Bujenje","Bwijanga","Kitamba","","Kitamba Primary School","Government","Primary","D02S13P03","kitamba-primary-school_masindi","","","education"
"Masindi","Bujenje","Bwijanga","Kitamba","","Mihembero Primary School","Government","Primary","D02S13P03","mihembero-primary-school_masindi","","","education"
"Masindi","Bujenje","Bwijanga","Kitamba","","Miramura Primary School","Government","Primary","D02S13P03","miramura-primary-school_masindi","","","education"
"Masindi","Bujenje","Bwijanga","Ntoma","","Kihagani Primary School","Government","Primary","D02S13P04","kihagani-primary-school_masindi","","","education"
"Masindi","Bujenje","Bwijanga","Ntoma","","Ntooma Primary School","Government","Primary","D02S13P04","ntooma-primary-school_masindi","","","education"
"Masindi","Bujenje","Bwijanga","Ntoma","","Nyabubale Primary School","Government","Primary","D02S13P04","nyabubale-primary-school_masindi","","","education"
"Masindi","Bujenje","Kabango Town Council","Kabango Ward","","Kabango Primary School","Government","Primary","D02S20P01","kabango-primary-school_masindi","","","education"
"Masindi","Bujenje","Kabango Town Council","Kinyara Sugar Ltd","","Kinyara Sugar Works Primary School","Government","Primary","D02S20P02","kinyara-sugar-works-primary-school_masindi","","","education"
"Masindi","Bujenje","Nyantonzi","Kajura","","Kibali Primary School","Government","Primary","D02S16P02","kibali-primary-school_masindi","","","education"
"Masindi","Bujenje","Nyantonzi","Kasenene","","Kasenene Primary School","Government","Primary","D02S16P03","kasenene-primary-school_masindi","","","education"
"Masindi","Bujenje","Nyantonzi","Kimanya","","Kimanya Primary School","Government","Primary","D02S16P04","kimanya-primary-school_masindi","","","education"
"Masindi","Bujenje","Nyantonzi","Kimanya","","Kimanya Upper Primary School","Government","Primary","D02S16P04","kimanya-upper-primary-school_masindi","","","education"
"Masindi","Bujenje","Nyantonzi","Kimanya","","Kimanya Upper Primary school","Government","Primary","D02S16P04","kimanya-upper-primary-school_masindi","","","education"
"Masindi","Bujenje","Nyantonzi","Nyantonzi","","Nyantonzi Primary School","Government","Primary","D02S16P01","nyantonzi-primary-school_masindi","","","education"
"Masindi","Bujenje","Nyantonzi","Nyantonzi","","Siiba Primary School","Government","Primary","D02S16P01","siiba-primary-school_masindi","","","education"
"Masindi","Bujenje","Nyantonzi","Rwempisi","","Rwempisi Primary School","Government","Primary","D02S16P05","rwempisi-primary-school_masindi","","","education"
"Masindi","Buruli","Kijunjubwa","Kijunjubwa","","Kijunjubwa Primary School","Government","Primary","D02S23P01","kijunjubwa-primary-school_masindi","","","education"
"Masindi","Buruli","Kijunjubwa","Miduma","","Miduuma Primary School","Government","Primary","D02S23P02","miduuma-primary-school_masindi","","","education"
"Masindi","Buruli","Kimengo","Kibangya","","Kayera Primary School","Government","Primary","D02S10P02","kayera-primary-school_masindi","","","education"
"Masindi","Buruli","Kimengo","Kimengo","","Kimengo Primary School","Government","Primary","D02S10P01","kimengo-primary-school_masindi","","","education"
"Masindi","Buruli","Kiruli","Katuugo","","Kisindizi II Primary School","Government","Primary","D02S19P02","kisindizi-ii-primary-school_masindi","","","education"
"Masindi","Buruli","Kiruli","Kibibira","","Kibibira Primary School","Government","Primary","D02S19P03","kibibira-primary-school_masindi","","","education"
"Masindi","Buruli","Kiruli","Kibibira","","Nyakarongo Primary School","Government","Primary","D02S19P03","nyakarongo-primary-school_masindi","","","education"
"Masindi","Buruli","Kiruli","Kiruli","","Kitanyata Primary School","Government","Primary","D02S19P01","kitanyata-primary-school_masindi","","","education"
"Masindi","Buruli","Kyatiri Town Council","Kyatiri East Ward","","Kyatiri Primary School","Government","Primary","D02S21P01","kyatiri-primary-school_masindi","","","education"
"Masindi","Buruli","Labongo","Kasenyi","","Bokwe Primary School","Government","Primary","D02S07P02","bokwe-primary-school_masindi","","","education"
"Masindi","Buruli","Labongo","Kihonda","","Kilanyi Muslim Primary School","Government","Primary","D02S07P03","kilanyi-muslim-primary-school_masindi","","","education"
"Masindi","Buruli","Labongo","Kihonda","","Kilanyi Primary School","Government","Primary","D02S07P03","kilanyi-primary-school_masindi","","","education"
"Masindi","Buruli","Labongo","Kihonda","","Nyakyanika Primary School","Government","Primary","D02S07P03","nyakyanika-primary-school_masindi","","","education"
"Masindi","Buruli","Labongo","Kihonda","","Walyoba Primary School","Government","Primary","D02S07P03","walyoba-primary-school_masindi","","","education"
"Masindi","Buruli","Miirya","Bigando","","Kahaara Primary School","Government","Primary","D02S03P02","kahaara-primary-school_masindi","","","education"
"Masindi","Buruli","Miirya","Bigando","","Kinuuma Primary School","Government","Primary","D02S03P02","kinuuma-primary-school_masindi","","","education"
"Masindi","Buruli","Miirya","Isimba","","Kyabaswa Primary School","Government","Primary","D02S03P03","kyabaswa-primary-school_masindi","","","education"
"Masindi","Buruli","Miirya","Isimba","","Nyambindo Primary School","Government","Primary","D02S03P03","nyambindo-primary-school_masindi","","","education"
"Masindi","Buruli","Miirya","Kiguulya","","Kigezi Primary School","Government","Primary","D02S03P04","kigezi-primary-school_masindi","","","education"
"Masindi","Buruli","Miirya","Kiguulya","","Kijogoro Primary School","Government","Primary","D02S03P04","kijogoro-primary-school_masindi","","","education"
"Masindi","Buruli","Miirya","Kiguulya","","Kinumi Primary School","Government","Primary","D02S03P04","kinumi-primary-school_masindi","","","education"
"Masindi","Buruli","Miirya","Kiguulya","","Kitwetwe Primary School","Government","Primary","D02S03P04","kitwetwe-primary-school_masindi","","","education"
"Masindi","Buruli","Pakanyi","Kyakamese Central","","Alimugonza Primary School","Government","Primary","D02S05P02","alimugonza-primary-school_masindi","","","education"
"Masindi","Buruli","Pakanyi","Kyakamese Central","","Karungi Primary School","Government","Primary","D02S05P02","karungi-primary-school_masindi","","","education"
"Masindi","Buruli","Pakanyi","Kyakamese Central","","St Marys Primary School Kyatiri","Government","Primary","D02S05P02","st-marys-primary-school-kyatiri_masindi","","","education"
"Masindi","Buruli","Pakanyi","Kyakamese Central","","St Pauls Primary School Pakanyi","Government","Primary","D02S05P02","st-pauls-primary-school-pakanyi_masindi","","","education"
"Masindi","Buruli","Pakanyi","Kyakamese Central","","Waiga Primary School","Government","Primary","D02S05P02","waiga-primary-school_masindi","","","education"
"Masindi","Buruli","Pakanyi","Kyakamese East","","Kiyuya Primary School","Government","Primary","D02S05P03","kiyuya-primary-school_masindi","","","education"
"Masindi","Buruli","Pakanyi","Kyakamese East","","Nyakatoogo Primary School","Government","Primary","D02S05P03","nyakatoogo-primary-school_masindi","","","education"
"Masindi","Buruli","Pakanyi","Kyakamese West","","Kibamba Primary School","Government","Primary","D02S05P04","kibamba-primary-school_masindi","","","education"
"Masindi","Buruli","Pakanyi","Kyakamese West","","Kisindizi Public Primary School","Government","Primary","D02S05P04","kisindizi-public-primary-school_masindi","","","education"
"Kayunga","Bbaale","Bbaale","Bbaale","","Bbaale CU Primary School","Government","Primary","D01S09P03","bbaale-cu-primary-school_kayunga","","","education"
"Kayunga","Bbaale","Bbaale","Kavule","","Gayaza CU Primary School","Government","Primary","D01S09P04","gayaza-cu-primary-school_kayunga","","","education"
"Kayunga","Bbaale","Bbaale","Kavule","","Namataala Primary School","Government","Primary","D01S09P04","namataala-primary-school_kayunga","","","education"
"Kayunga","Bbaale","Bbaale","Kavule","","Star Academy Primary School","Private","Primary","D01S09P04","star-academy-primary-school_kayunga","","","education"
"Kayunga","Bbaale","Bbaale","Kokotero","","Tangoye Parents Primary School","Government","Primary","D01S09P05","tangoye-parents-primary-school_kayunga","","","education"
"Kayunga","Bbaale","Bbaale","Misanga","","Misanga CU Primary School","Government","Primary","D01S09P06","misanga-cu-primary-school_kayunga","","","education"
"Kayunga","Bbaale","Bbaale","Mugongo","","Mugongo Primary School","Government","Primary","D01S09P07","mugongo-primary-school_kayunga","","","education"
"Kayunga","Bbaale","Galiraya","Galiraya","","Galiraya CU Primary School","Government","Primary","D01S12P02","galiraya-cu-primary-school_kayunga","","","education"
"Kayunga","Bbaale","Galiraya","Galiraya","","St Kizito Kidibya Primary School","Government","Primary","D01S12P02","st-kizito-kidibya-primary-school_kayunga","","","education"
"Kayunga","Bbaale","Galiraya","Kasokwe","","Kasokwe CU Primary School","Government","Primary","D01S12P01","kasokwe-cu-primary-school_kayunga","","","education"
"Kayunga","Bbaale","Galiraya","Kirasa","","Kirasa CU Primary School","Government","Primary","D01S12P04","kirasa-cu-primary-school_kayunga","","","education"
"Kayunga","Bbaale","Galiraya","Namalere","","Namalere Primary School","Government","Primary","D01S12P05","namalere-primary-school_kayunga","","","education"
"Kayunga","Bbaale","Galiraya","Namayuge","","Nakatuli RC Primary School","Government","Primary","D01S12P06","nakatuli-rc-primary-school_kayunga","","","education"
"Kayunga","Bbaale","Galiraya","Namayuge","","Namayuge Primary School","Government","Primary","D01S12P06","namayuge-primary-school_kayunga","","","education"
"Kayunga","Bbaale","Galiraya","Ntimba","","Ntimba Primary School","Government","Primary","D01S12P07","ntimba-primary-school_kayunga","","","education"
"Kayunga","Bbaale","Kayonza","Balisanga","","Bwalala Primary School","Government","Primary","D01S10P04","bwalala-primary-school_kayunga","","","education"
"Kayunga","Bbaale","Kayonza","Kafumba","","Nyondo RC Primary School","Government","Primary","D01S10P05","nyondo-rc-primary-school_kayunga","","","education"
"Kayunga","Bbaale","Kayonza","Kamusabi","","Bugatto RC Primary School","Government","Primary","D01S10P01","bugatto-rc-primary-school_kayunga","","","education"
"Kayunga","Bbaale","Kayonza","Kamusabi","","Kamusabi Primary School","Government","Primary","D01S10P01","kamusabi-primary-school_kayunga","","","education"
"Kayunga","Bbaale","Kayonza","Kamusabi","","Lukonda Public Primary School","Government","Primary","D01S10P01","lukonda-public-primary-school_kayunga","","","education"
"Kayunga","Bbaale","Kayonza","Kanywero","","Lwabyata Parents Primary School","Government","Primary","D01S10P06","lwabyata-parents-primary-school_kayunga","","","education"
"Kayunga","Bbaale","Kayonza","Kanywero","","Wabunyonyi CU Primary School","Government","Primary","D01S10P06","wabunyonyi-cu-primary-school_kayunga","","","education"
"Kayunga","Bbaale","Kayonza","Kanywero","","Wunga Primary School","Government","Primary","D01S10P06","wunga-primary-school_kayunga","","","education"
"Kayunga","Bbaale","Kayonza","Kitwe","","Bugoma Primary School","Government","Primary","D01S10P07","bugoma-primary-school_kayunga","","","education"
"Kayunga","Bbaale","Kayonza","Kitwe","","Kitwe RC Primary School","Government","Primary","D01S10P07","kitwe-rc-primary-school_kayunga","","","education"
"Kayunga","Bbaale","Kayonza","Nakyesa","","Nakyessa Bright Future Primary School","Government","Primary","D01S10P03","nakyessa-bright-future-primary-school_kayunga","","","education"
"Kayunga","Bbaale","Kayonza","Nakyesa","","Nakyessa Day And Boarding Primary School","Private","Primary","D01S10P03","nakyessa-day-and-boarding-primary-school_kayunga","","","education"
"Kayunga","Bbaale","Kayonza","Nakyesa","","Nakyessa Moslem Primary School","Government","Primary","D01S10P03","nakyessa-moslem-primary-school_kayunga","","","education"
"Kayunga","Bbaale","Kayonza","Nakyesa","","Namatogonya CU Primary School","Government","Primary","D01S10P03","namatogonya-cu-primary-school_kayunga","","","education"
"Kayunga","Bbaale","Kayonza","Nakyesanja","","Kirimantoogo RC Primary School","Government","Primary","D01S10P02","kirimantoogo-rc-primary-school_kayunga","","","education"
"Kayunga","Bbaale","Kayonza","Namaliri","","Kawolokota CU Primary School","Government","Primary","D01S10P08","kawolokota-cu-primary-school_kayunga","","","education"
"Kayunga","Bbaale","Kayonza","Namaliri","","Kawolokota RC Primary School","Government","Primary","D01S10P08","kawolokota-rc-primary-school_kayunga","","","education"
"Kayunga","Bbaale","Kayonza","Namaliri","","Kayonza Primary School","Government","Primary","D01S10P08","kayonza-primary-school_kayunga","","","education"
"Kayunga","Bbaale","Kayonza","Namaliri","","Lugasa Primary School","Government","Primary","D01S10P08","lugasa-primary-school_kayunga","","","education"
"Kayunga","Bbaale","Kayonza","Namaliri","","St Jude Kayonza RC Primary School","Government","Primary","D01S10P08","st-jude-kayonza-rc-primary-school_kayunga","","","education"
"Kayunga","Bbaale","Kayonza","Namizo","","Bujwaya CU Primary School","Government","Primary","D01S10P09","bujwaya-cu-primary-school_kayunga","","","education"
"Kayunga","Bbaale","Kayonza","Namizo","","Kyebuye RC Primary School","Government","Primary","D01S10P09","kyebuye-rc-primary-school_kayunga","","","education"
"Kayunga","Bbaale","Kayonza","Namizo","","Namavundu RC Primary School","Government","Primary","D01S10P09","namavundu-rc-primary-school_kayunga","","","education"
"Kayunga","Bbaale","Kayonza","Namizo","","Namizo UMEA Primary School","Government","Primary","D01S10P09","namizo-umea-primary-school_kayunga","","","education"
"Kayunga","Bbaale","Kitimbwa","Kitatya","","Kitatya CU Primary School","Government","Primary","D01S11P03","kitatya-cu-primary-school_kayunga","","","education"
"Kayunga","Bbaale","Kitimbwa","Kitatya","","Kitatya RC Primary School","Government","Primary","D01S11P03","kitatya-rc-primary-school_kayunga","","","education"
"Kayunga","Bbaale","Kitimbwa","Kyerima","","Mt Carmel Primary School","Private","Primary","D01S11P04","mt-carmel-primary-school_kayunga","","","education"
"Kayunga","Bbaale","Kitimbwa","Kyerima","","Nakaseeta CU Primary School","Government","Primary","D01S11P04","nakaseeta-cu-primary-school_kayunga","","","education"
"Kayunga","Bbaale","Kitimbwa","Kyerima","","Namabuga RC Primary School","Government","Primary","D01S11P04","namabuga-rc-primary-school_kayunga","","","education"
"Kayunga","Bbaale","Kitimbwa","Kyerima","","Nanjwenge CU Primary School","Government","Primary","D01S11P04","nanjwenge-cu-primary-school_kayunga","","","education"
"Kayunga","Bbaale","Kitimbwa","Nakivubo","","Bisaka Primary School","Government","Primary","D01S11P05","bisaka-primary-school_kayunga","","","education"
"Kayunga","Bbaale","Kitimbwa","Nakivubo","","Nakivubo CU Primary School","Government","Primary","D01S11P05","nakivubo-cu-primary-school_kayunga","","","education"
"Kayunga","Bbaale","Kitimbwa","Nakivubo","","Nakivubo UMEA Primary School","Government","Primary","D01S11P05","nakivubo-umea-primary-school_kayunga","","","education"
"Kayunga","Bbaale","Kitimbwa","Namulaba","","Namulaba CU Primary School","Government","Primary","D01S11P06","namulaba-cu-primary-school_kayunga","","","education"
"Kayunga","Bbaale","Kitimbwa","Namulaba","","Namulaba UMEA Primary School","Government","Primary","D01S11P06","namulaba-umea-primary-school_kayunga","","","education"
"Kayunga","Bbaale","Kitimbwa","Namulaba","","Nongo CU Primary School Kitimbwa","Government","Primary","D01S11P06","nongo-cu-primary-school-kitimbwa_kayunga","","","education"
"Kayunga","Bbaale","Kitimbwa","Namulaba","","St Martins Nongo RC Primary School","Government","Primary","D01S11P06","st-martins-nongo-rc-primary-school_kayunga","","","education"
"Kayunga","Bbaale","Kitimbwa","Nkokonjeru","","Bulawula Primary School","Government","Primary","D01S11P01","bulawula-primary-school_kayunga","","","education"
"Kayunga","Bbaale","Kitimbwa","Nkokonjeru","","Tweyagalire RC Primary School","Government","Primary","D01S11P01","tweyagalire-rc-primary-school_kayunga","","","education"
"Kayunga","Bbaale","Kitimbwa","Wabwoko","","Wabwoko CU Primary School","Government","Primary","D01S11P07","wabwoko-cu-primary-school_kayunga","","","education"
"Kayunga","Bbaale","Kitimbwa Town Council","Kyerima Ward","","Kyerima CU Primary School","Government","Primary","D01S13P01","kyerima-cu-primary-school_kayunga","","","education"
"Kayunga","Bbaale","Kitimbwa Town Council","Kyerima Ward","","Kyerima UMEA Primary School","Government","Primary","D01S13P01","kyerima-umea-primary-school_kayunga","","","education"
"Kayunga","Bbaale","Kitimbwa Town Council","Wabuyinja Ward","","Kitimbwa CU Primary School","Government","Primary","D01S13P02","kitimbwa-cu-primary-school_kayunga","","","education"
"Kayunga","Bbaale","Kitimbwa Town Council","Wabuyinja Ward","","Kitimbwa Light SDA Primary School","Government","Primary","D01S13P02","kitimbwa-light-sda-primary-school_kayunga","","","education"
"Kayunga","Bbaale","Kitimbwa Town Council","Wabuyinja Ward","","Kitimbwa RC Primary School","Government","Primary","D01S13P02","kitimbwa-rc-primary-school_kayunga","","","education"
"Kayunga","Bbaale","Kitimbwa Town Council","Wabuyinja Ward","","Kitimbwa UMEA Primary School","Government","Primary","D01S13P02","kitimbwa-umea-primary-school_kayunga","","","education"
"Kayunga","Bbaale","Kitimbwa Town Council","Wabuyinja Ward","","Kyetume High Primary School","Government","Primary","D01S13P02","kyetume-high-primary-school_kayunga","","","education"
"Kayunga","Bbaale","Kitimbwa Town Council","Wabuyinja Ward","","Kyetume Kabaganda Primary School","Government","Primary","D01S13P02","kyetume-kabaganda-primary-school_kayunga","","","education"
"Kayunga","Bbaale","Kitimbwa Town Council","Wabwoko","","Wabwoko CU Primary School","Government","Primary","D01S13P03","wabwoko-cu-primary-school_kayunga","","","education"
"Kayunga","Ntenjeru","Busaana","Kasana","","Kasana RC Primary School","Government","Primary","D01S08P03","kasana-rc-primary-school_kayunga","","","education"
"Kayunga","Ntenjeru","Busaana","Kiwangula","","Kiwangula CU Primary School","Government","Primary","D01S08P02","kiwangula-cu-primary-school_kayunga","","","education"
"Kayunga","Ntenjeru","Busaana","Kiwangula","","Kiwangula RC Primary School","Government","Primary","D01S08P02","kiwangula-rc-primary-school_kayunga","","","education"
"Kayunga","Ntenjeru","Busaana","Kiwangula","","Nakatovu CU Primary School","Government","Primary","D01S08P02","nakatovu-cu-primary-school_kayunga","","","education"
"Kayunga","Ntenjeru","Busaana","Kiwangula","","St Josephs BuyungirIzi RC Primary School","Government","Primary","D01S08P02","st-josephs-buyungirizi-rc-primary-school_kayunga","","","education"
"Kayunga","Ntenjeru","Busaana","Kiwangula","","St Josephs Buyungirizi RC Primary School","Government","Primary","D01S08P02","st-josephs-buyungirizi-rc-primary-school_kayunga","","","education"
"Kayunga","Ntenjeru","Busaana","Kiwangula","","St Mark Junior School Wantete","Private","Primary","D01S08P02","st-mark-junior-school-wantete_kayunga","","","education"
"Kayunga","Ntenjeru","Busaana","Lusenke","","Kibuzi CU Primary School","Government","Primary","D01S08P04","kibuzi-cu-primary-school_kayunga","","","education"
"Kayunga","Ntenjeru","Busaana","Lusenke","","Kibuzi RC Primary School","Government","Primary","D01S08P04","kibuzi-rc-primary-school_kayunga","","","education"
"Kayunga","Ntenjeru","Busaana","Lusenke","","St Peters Primary School Lusenke","Government","Primary","D01S08P04","st-peters-primary-school-lusenke_kayunga","","","education"
"Kayunga","Ntenjeru","Busaana","Nabuganyi","","Bumaali CU Primary School","Government","Primary","D01S08P05","bumaali-cu-primary-school_kayunga","","","education"
"Kayunga","Ntenjeru","Busaana","Nabuganyi","","Nabuganyi CU Primary School","Government","Primary","D01S08P05","nabuganyi-cu-primary-school_kayunga","","","education"
"Kayunga","Ntenjeru","Busaana","Nabuganyi","","Nabuganyi RC Primary School","Government","Primary","D01S08P05","nabuganyi-rc-primary-school_kayunga","","","education"
"Kayunga","Ntenjeru","Busaana","Nampanyi","","Kireku CU Primary School","Government","Primary","D01S08P06","kireku-cu-primary-school_kayunga","","","education"
"Kayunga","Ntenjeru","Busaana","Nampanyi","","Nakakandwa CU Primary School","Government","Primary","D01S08P06","nakakandwa-cu-primary-school_kayunga","","","education"
"Kayunga","Ntenjeru","Busaana","Nampanyi","","Nakakandwa RC Primary School","Government","Primary","D01S08P06","nakakandwa-rc-primary-school_kayunga","","","education"
"Kayunga","Ntenjeru","Busaana","Namukuma","","Nangabo CU Primary School","Government","Primary","D01S08P07","nangabo-cu-primary-school_kayunga","","","education"
"Kayunga","Ntenjeru","Busaana","Namusaala","","Namusaala CU Primary School","Government","Primary","D01S08P08","namusaala-cu-primary-school_kayunga","","","education"
"Kayunga","Ntenjeru","Busaana","Namusaala","","Namutya CU Primary School","Government","Primary","D01S08P08","namutya-cu-primary-school_kayunga","","","education"
"Kayunga","Ntenjeru","Busaana Town Council","Kasana Ward","","Bugaddu CU Primary School","Government","Primary","D01S07P02","bugaddu-cu-primary-school_kayunga","","","education"
"Kayunga","Ntenjeru","Busaana Town Council","Kasana Ward","","Busaana CU Primary School","Government","Primary","D01S07P02","busaana-cu-primary-school_kayunga","","","education"
"Kayunga","Ntenjeru","Busaana Town Council","Kasana Ward","","Busaana Parents Primary School","Private","Primary","D01S07P02","busaana-parents-primary-school_kayunga","","","education"
"Kayunga","Ntenjeru","Busaana Town Council","Kasana Ward","","Busaana RC Primary School","Government","Primary","D01S07P02","busaana-rc-primary-school_kayunga","","","education"
"Kayunga","Ntenjeru","Busaana Town Council","Kasana Ward","","Kasana CU Primary School","Government","Primary","D01S07P02","kasana-cu-primary-school_kayunga","","","education"
"Kayunga","Ntenjeru","Busaana Town Council","Kasana Ward","","Liande Junior School","Private","Primary","D01S07P02","liande-junior-school_kayunga","","","education"
"Kayunga","Ntenjeru","Busaana Town Council","Kasana Ward","","Noble Hill Primary School","Private","Primary","D01S07P02","noble-hill-primary-school_kayunga","","","education"
"Kayunga","Ntenjeru","Busaana Town Council","Lusenke Ward","","Kyengera CU Primary School","Government","Primary","D01S07P03","kyengera-cu-primary-school_kayunga","","","education"
"Kayunga","Ntenjeru","Busaana Town Council","Namirembe Ward","","Namirembe CU Primary School","Government","Primary","D01S07P04","namirembe-cu-primary-school_kayunga","","","education"
"Kayunga","Ntenjeru","Busaana Town Council","Namukuma Ward","","Kyayaye RC Primary School","Government","Primary","D01S07P05","kyayaye-rc-primary-school_kayunga","","","education"
"Kayunga","Ntenjeru","Kangulumira","Kawomya","","Bukeeka CU Primary School","Government","Primary","D01S02P01","bukeeka-cu-primary-school_kayunga","","","education"
"Kayunga","Ntenjeru","Kangulumira","Kawomya","","Favour Community Junior School Bukeka","Private","Primary","D01S02P01","favour-community-junior-school-bukeka_kayunga","","","education"
"Kayunga","Ntenjeru","Kangulumira","Kawomya","","Fountain of Hope Primary School","Private","Primary","D01S02P01","fountain-of-hope-primary-school_kayunga","","","education"
"Kayunga","Ntenjeru","Kangulumira","Kawomya","","Kungu CU Primary School","Government","Primary","D01S02P01","kungu-cu-primary-school_kayunga","","","education"
"Kayunga","Ntenjeru","Kangulumira","Kawomya","","Maligita Primary School","Government","Primary","D01S02P01","maligita-primary-school_kayunga","","","education"
"Kayunga","Ntenjeru","Kangulumira","Kikwanya","","Kikwanya CU Primary School","Government","Primary","D01S02P02","kikwanya-cu-primary-school_kayunga","","","education"
"Kayunga","Ntenjeru","Kangulumira","Kikwanya","","Kimooli UMEA Primary School","Government","Primary","D01S02P02","kimooli-umea-primary-school_kayunga","","","education"
"Kayunga","Ntenjeru","Kangulumira","Seeta Nyiize","","All Saints Nakirubi CU Primary School","Government","Primary","D01S02P03","all-saints-nakirubi-cu-primary-school_kayunga","","","education"
"Kayunga","Ntenjeru","Kangulumira","Seeta Nyiize","","Nyiize CU Primary School","Government","Primary","D01S02P03","nyiize-cu-primary-school_kayunga","","","education"
"Kayunga","Ntenjeru","Kangulumira","Seeta Nyiize","","Nyiize RC Primary School","Government","Primary","D01S02P03","nyiize-rc-primary-school_kayunga","","","education"
"Kayunga","Ntenjeru","Kangulumira Town Council","Kangulumira Ward","","Catherine Primary School","Private","Primary","D01S01P02","catherine-primary-school_kayunga","","","education"
"Kayunga","Ntenjeru","Kangulumira Town Council","Kangulumira Ward","","Kangulumira CU Primary School","Government","Primary","D01S01P02","kangulumira-cu-primary-school_kayunga","","","education"
"Kayunga","Ntenjeru","Kangulumira Town Council","Kangulumira Ward","","Kangulumira Muslim Primary School","Government","Primary","D01S01P02","kangulumira-muslim-primary-school_kayunga","","","education"
"Kayunga","Ntenjeru","Kangulumira Town Council","Kangulumira Ward","","Kangulumira RC Primary School","Government","Primary","D01S01P02","kangulumira-rc-primary-school_kayunga","","","education"
"Kayunga","Ntenjeru","Kangulumira Town Council","Kangulumira Ward","","Kasambya Moslem Primary School","Government","Primary","D01S01P02","kasambya-moslem-primary-school_kayunga","","","education"
"Kayunga","Ntenjeru","Kangulumira Town Council","Kangulumira Ward","","Mother Theresa Primary School","Private","Primary","D01S01P02","mother-theresa-primary-school_kayunga","","","education"
"Kayunga","Ntenjeru","Kangulumira Town Council","Kangulumira Ward","","New ABC Devine Foundation","Private","Primary","D01S01P02","new-abc-devine-foundation_kayunga","","","education"
"Kayunga","Ntenjeru","Kangulumira Town Council","Kigayaza Ward","","Kigayaza CU Primary School","Government","Primary","D01S01P03","kigayaza-cu-primary-school_kayunga","","","education"
"Kayunga","Ntenjeru","Kangulumira Town Council","Nakatundu Ward","","Kamuli UMEA Primary School","Government","Primary","D01S01P04","kamuli-umea-primary-school_kayunga","","","education"
"Kayunga","Ntenjeru","Kangulumira Town Council","Nakatundu Ward","","Nongo CU Primary School Kangulumira","Government","Primary","D01S01P04","nongo-cu-primary-school-kangulumira_kayunga","","","education"
"Kayunga","Ntenjeru","Kangulumira Town Council","Nakatundu Ward","","St Marys Child Empowerment Primary School","Private","Primary","D01S01P04","st-marys-child-empowerment-primary-school_kayunga","","","education"
"Kayunga","Ntenjeru","Kayunga","Bubajjwe","","Mugema Primary School","Government","Primary","D01S06P04","mugema-primary-school_kayunga","","","education"
"Kayunga","Ntenjeru","Kayunga","Bukolooto","","Bwetyaba RC Primary School","Government","Primary","D01S06P05","bwetyaba-rc-primary-school_kayunga","","","education"
"Kayunga","Ntenjeru","Kayunga","Bukolooto","","Lion of Judah Primary School","Private","Primary","D01S06P05","lion-of-judah-primary-school_kayunga","","","education"
"Kayunga","Ntenjeru","Kayunga","Bukolooto","","Nawandagala RC Primary School","Government","Primary","D01S06P05","nawandagala-rc-primary-school_kayunga","","","education"
"Kayunga","Ntenjeru","Kayunga","Bukolooto","","Ssezibwa CU Primary School","Government","Primary","D01S06P05","ssezibwa-cu-primary-school_kayunga","","","education"
"Kayunga","Ntenjeru","Kayunga","Bukolooto","","St Anthony Junior School","Private","Primary","D01S06P05","st-anthony-junior-school_kayunga","","","education"
"Kayunga","Ntenjeru","Kayunga","Bukolooto","","St Anthony Junior school","Private","Primary","D01S06P05","st-anthony-junior-school_kayunga","","","education"
"Kayunga","Ntenjeru","Kayunga","Bukujju","","Bukujju UMEA Primary School","Government","Primary","D01S06P06","bukujju-umea-primary-school_kayunga","","","education"
"Kayunga","Ntenjeru","Kayunga","Busaale","","Busaale CU Primary School","Government","Primary","D01S06P01","busaale-cu-primary-school_kayunga","","","education"
"Kayunga","Ntenjeru","Kayunga","Buyobe","","Buwungiro Primary School","Government","Primary","D01S06P03","buwungiro-primary-school_kayunga","","","education"
"Kayunga","Ntenjeru","Kayunga","Buyobe","","Kanjuki CU Primary School","Government","Primary","D01S06P03","kanjuki-cu-primary-school_kayunga","","","education"
"Kayunga","Ntenjeru","Kayunga","Buyobe","","Kanjuki RC Primary School","Government","Primary","D01S06P03","kanjuki-rc-primary-school_kayunga","","","education"
"Kayunga","Ntenjeru","Kayunga","Buyobe","","Kanjuki UMEA Primary School","Government","Primary","D01S06P03","kanjuki-umea-primary-school_kayunga","","","education"
"Kayunga","Ntenjeru","Kayunga","Buyobe","","Kyanya CU Primary School","Government","Primary","D01S06P03","kyanya-cu-primary-school_kayunga","","","education"
"Kayunga","Ntenjeru","Kayunga","Kiteredde","","Mpumudde Junior School","Private","Primary","D01S06P07","mpumudde-junior-school_kayunga","","","education"
"Kayunga","Ntenjeru","Kayunga","Kiteredde","","Ssekagya Islamic Primary School","Government","Primary","D01S06P07","ssekagya-islamic-primary-school_kayunga","","","education"
"Kayunga","Ntenjeru","Kayunga","Nakaseeta","","Nakaziba CU Primary School","Government","Primary","D01S06P08","nakaziba-cu-primary-school_kayunga","","","education"
"Kayunga","Ntenjeru","Kayunga","Nsotoka","","Kiwooza CU Primary School","Government","Primary","D01S06P02","kiwooza-cu-primary-school_kayunga","","","education"
"Kayunga","Ntenjeru","Kayunga","Nsotoka","","Mataba Muslim Quaran Primary School","Private","Primary","D01S06P02","mataba-muslim-quaran-primary-school_kayunga","","","education"
"Kayunga","Ntenjeru","Kayunga","Nsotoka","","Namulanda CU Primary School","Government","Primary","D01S06P02","namulanda-cu-primary-school_kayunga","","","education"
"Kayunga","Ntenjeru","Kayunga","Nsotoka","","Namulanda RC Primary School","Government","Primary","D01S06P02","namulanda-rc-primary-school_kayunga","","","education"
"Kayunga","Ntenjeru","Kayunga","Nsotoka","","Nsotoka Islamic Primary School","Private","Primary","D01S06P02","nsotoka-islamic-primary-school_kayunga","","","education"
"Kayunga","Ntenjeru","Kayunga","Nsotoka","","Obadia Sajjabi Community Primary School","Private","Primary","D01S06P02","obadia-sajjabi-community-primary-school_kayunga","","","education"
"Kayunga","Ntenjeru","Kayunga Town Council","Bukolooto Ward","","Aunt Vicky Primary School","Private","Primary","D01S05P05","aunt-vicky-primary-school_kayunga","","","education"
"Kayunga","Ntenjeru","Kayunga Town Council","Bukolooto Ward","","Lion of Judah Primary School","Private","Primary","D01S05P05","lion-of-judah-primary-school_kayunga","","","education"
"Kayunga","Ntenjeru","Kayunga Town Council","Bukolooto Ward","","Ndeeba CU Primary School","Government","Primary","D01S05P05","ndeeba-cu-primary-school_kayunga","","","education"
"Kayunga","Ntenjeru","Kayunga Town Council","Bukolooto Ward","","Star Academy Primary School","Private","Primary","D01S05P05","star-academy-primary-school_kayunga","","","education"
"Kayunga","Ntenjeru","Kayunga Town Council","Namagabi Ward","","Gospel Valley Nursery And Primary School","Private","Primary","D01S05P06","gospel-valley-nursery-and-primary-school_kayunga","","","education"
"Kayunga","Ntenjeru","Kayunga Town Council","Namagabi Ward","","Kayunga Girls Primary School","Government","Primary","D01S05P06","kayunga-girls-primary-school_kayunga","","","education"
"Kayunga","Ntenjeru","Kayunga Town Council","Namagabi Ward","","Kayunga Mixed Primary School","Government","Primary","D01S05P06","kayunga-mixed-primary-school_kayunga","","","education"
"Kayunga","Ntenjeru","Kayunga Town Council","Namagabi Ward","","Namagabi Bishop Brown Primary School","Government","Primary","D01S05P06","namagabi-bishop-brown-primary-school_kayunga","","","education"
"Kayunga","Ntenjeru","Kayunga Town Council","Namagabi Ward","","Namagabi UMEA Primary School","Government","Primary","D01S05P06","namagabi-umea-primary-school_kayunga","","","education"
"Kayunga","Ntenjeru","Kayunga Town Council","Ntenjeru Ward","","St Regina Primary School","Private","Primary","D01S05P03","st-regina-primary-school_kayunga","","","education"
"Kayunga","Ntenjeru","Kayunga Town Council","Ntenjeru Ward","","Tente Primary School","Government","Primary","D01S05P03","tente-primary-school_kayunga","","","education"
"Kayunga","Ntenjeru","Nazigo","Bukamba","","Bukamba CU Primary School","Government","Primary","D01S04P01","bukamba-cu-primary-school_kayunga","","","education"
"Kayunga","Ntenjeru","Nazigo","Bukamba","","Bukamba Noor Islamic Primary School","Private","Primary","D01S04P01","bukamba-noor-islamic-primary-school_kayunga","","","education"
"Kayunga","Ntenjeru","Nazigo","Bukamba","","Bukamba Noor islamic Primary School","Private","Primary","D01S04P01","bukamba-noor-islamic-primary-school_kayunga","","","education"
"Kayunga","Ntenjeru","Nazigo","Bukamba","","Kiswa RC Primary School","Government","Primary","D01S04P01","kiswa-rc-primary-school_kayunga","","","education"
"Kayunga","Ntenjeru","Nazigo","Katikanyonyi","","Nakatooke RC Primary School","Government","Primary","D01S04P03","nakatooke-rc-primary-school_kayunga","","","education"
"Kayunga","Ntenjeru","Nazigo","Kimanya","","Kimanya CU Primary School","Government","Primary","D01S04P04","kimanya-cu-primary-school_kayunga","","","education"
"Kayunga","Ntenjeru","Nazigo","Kimanya","","Kiziika CU Primary School","Government","Primary","D01S04P04","kiziika-cu-primary-school_kayunga","","","education"
"Kayunga","Ntenjeru","Nazigo","Kirindi","","Kikonyogo Primary School","Government","Primary","D01S04P02","kikonyogo-primary-school_kayunga","","","education"
"Kayunga","Ntenjeru","Nazigo","Kirindi","","Kirindi RC Primary School","Private","Primary","D01S04P02","kirindi-rc-primary-school_kayunga","","","education"
"Kayunga","Ntenjeru","Nazigo","Natteta","","Kiribedda CU Primary School","Government","Primary","D01S04P05","kiribedda-cu-primary-school_kayunga","","","education"
"Kayunga","Ntenjeru","Nazigo","Natteta","","Natteta CU Primary School","Government","Primary","D01S04P05","natteta-cu-primary-school_kayunga","","","education"
"Kayunga","Ntenjeru","Nazigo","Natteta","","Natteta Islamic Primary School","Private","Primary","D01S04P05","natteta-islamic-primary-school_kayunga","","","education"
"Kayunga","Ntenjeru","Nazigo","Natteta","","St Anthony Junior School Nazigo","Private","Primary","D01S04P05","st-anthony-junior-school-nazigo_kayunga","","","education"
"Kayunga","Ntenjeru","Nazigo","Natteta","","Wabirongo CU Primary School","Government","Primary","D01S04P05","wabirongo-cu-primary-school_kayunga","","","education"
"Kayunga","Ntenjeru","Nazigo","Nazigo","","Kisa Nursery And Primary School","Private","Primary","D01S04P06","kisa-nursery-and-primary-school_kayunga","","","education"
"Kayunga","Ntenjeru","Nazigo","Nazigo","","Kyampisi CU Primary School","Government","Primary","D01S04P06","kyampisi-cu-primary-school_kayunga","","","education"
"Kayunga","Ntenjeru","Nazigo","Nazigo","","Magala RC Primary School","Government","Primary","D01S04P06","magala-rc-primary-school_kayunga","","","education"
"Kayunga","Ntenjeru","Nazigo","Nazigo","","Nazigo Demonstration Primary School","Government","Primary","D01S04P06","nazigo-demonstration-primary-school_kayunga","","","education"
"Kayunga","Ntenjeru","Nazigo","Nazigo","","Nazigo Noor Primary School","Private","Primary","D01S04P06","nazigo-noor-primary-school_kayunga","","","education"
"Kayunga","Ntenjeru","Nazigo","Nsiima","","Kotwe Taqwa Islamic Primary School","Private","Primary","D01S04P07","kotwe-taqwa-islamic-primary-school_kayunga","","","education"
"Kayunga","Ntenjeru","Nazigo","Nsiima","","Musiitwa UMEA Primary School","Government","Primary","D01S04P07","musiitwa-umea-primary-school_kayunga","","","education"
"Kayunga","Ntenjeru","Nazigo","Nsiima","","Nazigo RC Primary School","Government","Primary","D01S04P07","nazigo-rc-primary-school_kayunga","","","education"
"Kayunga","Ntenjeru","Nazigo","Nsiima","","Nsiima CU Primary School","Government","Primary","D01S04P07","nsiima-cu-primary-school_kayunga","","","education"
"Kayunga","Ntenjeru","Nazigo Town Council","Kimanya","","Kimanya CU Primary School","Government","Primary","D01S03P02","kimanya-cu-primary-school_kayunga","","","education"
"Kayunga","Ntenjeru","Nazigo Town Council","Kimanya Ward","","Kimanya CU Primary School","Government","Primary","D01S03P03","kimanya-cu-primary-school_kayunga","","","education"
"Kayunga","Ntenjeru","Nazigo Town Council","Natteta","","Natteta CU Primary School","Government","Primary","D01S03P04","natteta-cu-primary-school_kayunga","","","education"
"Kayunga","Ntenjeru","Nazigo Town Council","Natteta","","St Anthony Junior School Nazigo","Private","Primary","D01S03P04","st-anthony-junior-school-nazigo_kayunga","","","education"
"Kayunga","Ntenjeru","Nazigo Town Council","Natteta Ward","","Natteta CU Primary School","Government","Primary","D01S03P05","natteta-cu-primary-school_kayunga","","","education"
"Kayunga","Ntenjeru","Nazigo Town Council","Natteta Ward","","Natteta UMEA Primary School","Private","Primary","D01S03P05","natteta-umea-primary-school_kayunga","","","education"
"Kayunga","Ntenjeru","Nazigo Town Council","Natteta Ward","","St Anthony Junior School Nazigo","Private","Primary","D01S03P05","st-anthony-junior-school-nazigo_kayunga","","","education"
"Kayunga","Ntenjeru","Nazigo Town Council","Nazigo","","Nazigo Demonstration Primary School","Government","Primary","D01S03P01","nazigo-demonstration-primary-school_kayunga","","","education"
"Kayunga","Ntenjeru","Nazigo Town Council","Nazigo","","Nazigo Noor Primary School","Private","Primary","D01S03P01","nazigo-noor-primary-school_kayunga","","","education"
"Kayunga","Ntenjeru","Nazigo Town Council","Nazigo Ward","","Grace Primary School","Private","Primary","D01S03P06","grace-primary-school_kayunga","","","education"
"Kayunga","Ntenjeru","Nazigo Town Council","Nazigo Ward","","Nazigo Demonstration Primary School","Government","Primary","D01S03P06","nazigo-demonstration-primary-school_kayunga","","","education"
"Kayunga","Ntenjeru","Nazigo Town Council","Nazigo Ward","","Nazigo Noor Primary School","Private","Primary","D01S03P06","nazigo-noor-primary-school_kayunga","","","education"
"Kayunga","Ntenjeru","Nazigo Town Council","Nsiima","","Nazigo RC Primary School","Government","Primary","D01S03P07","nazigo-rc-primary-school_kayunga","","","education"
