District name,Sub county,Parish,Village,Name of the school,School type,Does the school have Pre-primary education (ECD/Nursery),Total number of learners,Number of boys,Number of girls,Number of learners with disabilities (boys/girls),Total number of teachers,Number of male teachers,Number of Female teachers,Number of teachers on government payroll ,Number of teachers qualified by Diploma,Number of teachers qualified degree and above,Number of teachers qualified by certificate,Number of classroom blocks,"Of these, how many are permanent classrooms",How many are semi-permanent classrooms,How many are temporary classrooms,Number of Toilets,Are there separate toilets for boys and girls? ,"if yes, Number of toilets available for boys","if yes, Number of toilets available for girls",Are there separate toilets for teachers,"if yes, Number of toilets available for teachers",Are toilets accommodative for people with Disabilities e.g walking,Is water available at the school? ,Is there a handwashing point available at school,Does the school have electricity? ,Does the school have an ICT/computer lab? ,"On average, how many pupils does one classroom accommodate /how many learners sit in one classroom (Pupil-classroom ratio)","On average, how pupils does on teacher attend to /teach in this school (Average pupil–teacher ratio)",Pupil-text book ratio-on average one book is used by how many pupils?,"Pupil–toilet ratio( On average, how many pupils use one toilet ?",Take a photo of paper/chat showing enrolment of last term,Take a photo of paper/chat showing enrolment of last term_URL,Photo showing front view of the school,Photo showing front view of the school_URL,Geo location of the school,_Geo location of the school_latitude,_Geo location of the school_longitude,_Geo location of the school_altitude,_Geo location of the school_precision,_id,_uuid
Masindi,Bikonzi ,Bikonzi ,Kihoole,Kihoole primary ,Government,Yes,228,123,105,32,8,2,6,8,6,1,1,7,7,0,0,8,Yes,4,4,No,,No,Yes,Yes,No,No,33,33,33,33,1758018991745.jpg,https://kc.kobotoolbox.org/media/original?media_file=ebirungi%2Fattachments%2F1770cc68b2384cfdbd83f4d7eb2a8bc9%2Fad8750af-8bfc-4726-a8e1-f857dffc402c%2F1758018991745.jpg,1758019026705.jpg,https://kc.kobotoolbox.org/media/original?media_file=ebirungi%2Fattachments%2F1770cc68b2384cfdbd83f4d7eb2a8bc9%2Fad8750af-8bfc-4726-a8e1-f857dffc402c%2F1758019026705.jpg,1.5777985 31.6355231 1145.9 4.966,1.5777985,31.6355231,1145.9,4.966,560331443,ad8750af-8bfc-4726-a8e1-f857dffc402c
Masindi,Bikonzi ,Bikonzi ,Isagara kiryasenka,Isagara Primary School ,Government,Yes,515,253,262,56,9,3,6,9,4,1,4,9,9,0,0,4,Yes,1,2,Yes,1,Yes,Yes,Yes,Yes,No,57,57,5,172,1758022384873.jpg,https://kc.kobotoolbox.org/media/original?media_file=ebirungi%2Fattachments%2F1770cc68b2384cfdbd83f4d7eb2a8bc9%2Ffe0da199-1910-4aaa-b4ac-f9a0a3dcad07%2F1758022384873.jpg,1758022432215.jpg,https://kc.kobotoolbox.org/media/original?media_file=ebirungi%2Fattachments%2F1770cc68b2384cfdbd83f4d7eb2a8bc9%2Ffe0da199-1910-4aaa-b4ac-f9a0a3dcad07%2F1758022432215.jpg,1.5938864 31.617042 1141.1 3.26,1.5938864,31.617042,1141.1,3.26,560331494,fe0da199-1910-4aaa-b4ac-f9a0a3dcad07
Masindi,Bikonzi ,Bikonzi ,Ikoba ,Ikoba Girls Secondary School ,Government,No,191,0,191,0,20,15,5,20,14,6,0,4,4,0,0,4,No,,,Yes,2,No,Yes,Yes,Yes,Yes,48,191,4,96,1758025786400.jpg,https://kc.kobotoolbox.org/media/original?media_file=ebirungi%2Fattachments%2F1770cc68b2384cfdbd83f4d7eb2a8bc9%2F8f696858-4275-45bc-bddd-9affc1991082%2F1758025786400.jpg,1758025837287.jpg,https://kc.kobotoolbox.org/media/original?media_file=ebirungi%2Fattachments%2F1770cc68b2384cfdbd83f4d7eb2a8bc9%2F8f696858-4275-45bc-bddd-9affc1991082%2F1758025837287.jpg,1.5920346 31.6478948 1196.7 3.62,1.5920346,31.6478948,1196.7,3.62,560331549,8f696858-4275-45bc-bddd-9affc1991082
Masindi,Bikonzi ,Bikonzi ,Kyoneko,Kinywamurara Primary School ,Government,Yes,324,162,162,52,8,4,4,8,4,1,3,8,8,0,0,10,Yes,4,4,Yes,2,No,Yes,Yes,No,No,46,41,3,41,1758028893825.jpg,https://kc.kobotoolbox.org/media/original?media_file=ebirungi%2Fattachments%2F1770cc68b2384cfdbd83f4d7eb2a8bc9%2Fe77143a9-e747-488a-93d1-a5f8c446fd2d%2F1758028893825.jpg,1758029145656.jpg,https://kc.kobotoolbox.org/media/original?media_file=ebirungi%2Fattachments%2F1770cc68b2384cfdbd83f4d7eb2a8bc9%2Fe77143a9-e747-488a-93d1-a5f8c446fd2d%2F1758029145656.jpg,1.5660323 31.6890958 1143.8 4.9,1.5660323,31.6890958,1143.8,4.9,560331590,e77143a9-e747-488a-93d1-a5f8c446fd2d
Masindi,Bikonzi ,Kikuube,Kikuube ,Kikuube Primary School ,Government,Yes,320,162,158,77,8,5,3,8,5,1,2,4,4,0,0,2,Yes,1,1,No,,Yes,No,Yes,No,No,50,40,4,32,1758030558540.jpg,https://kc.kobotoolbox.org/media/original?media_file=ebirungi%2Fattachments%2F1770cc68b2384cfdbd83f4d7eb2a8bc9%2F2a7fceb4-76dd-4552-8c44-849d92d13224%2F1758030558540.jpg,1758030619107.jpg,https://kc.kobotoolbox.org/media/original?media_file=ebirungi%2Fattachments%2F1770cc68b2384cfdbd83f4d7eb2a8bc9%2F2a7fceb4-76dd-4552-8c44-849d92d13224%2F1758030619107.jpg,1.5544825 31.6614756 1123.5 4.24,1.5544825,31.6614756,1123.5,4.24,560331662,2a7fceb4-76dd-4552-8c44-849d92d13224
Masindi,Bikonzi ,Kitonozi,Kitonozi ,Kitonozi Primary School ,Government,Yes,450,234,216,57,9,5,4,9,1,3,5,8,8,0,0,10,Yes,5,5,No,,Yes,Yes,Yes,No,No,56,50,4,46,1758085821354.jpg,https://kc.kobotoolbox.org/media/original?media_file=ebirungi%2Fattachments%2F1770cc68b2384cfdbd83f4d7eb2a8bc9%2Fa3a1a8fa-dba8-4892-b15a-8fba6cecc414%2F1758085821354.jpg,1758085870804.jpg,https://kc.kobotoolbox.org/media/original?media_file=ebirungi%2Fattachments%2F1770cc68b2384cfdbd83f4d7eb2a8bc9%2Fa3a1a8fa-dba8-4892-b15a-8fba6cecc414%2F1758085870804.jpg,1.6311932 31.6500146 1136.0 4.85,1.6311932,31.6500146,1136,4.85,560844781,a3a1a8fa-dba8-4892-b15a-8fba6cecc414
Masindi,Bikonzi ,Rukondwa,Kiina,Kiina Primary School ,Government,Yes,515,278,237,108,9,3,6,9,4,1,4,8,8,0,0,11,Yes,5,3,Yes,3,No,Yes,Yes,Yes,No,74,57,5,74,1758087371568.jpg,https://kc.kobotoolbox.org/media/original?media_file=ebirungi%2Fattachments%2F1770cc68b2384cfdbd83f4d7eb2a8bc9%2F3491351d-ee0f-4a05-b273-b2e27f7c8399%2F1758087371568.jpg,1758087414176.jpg,https://kc.kobotoolbox.org/media/original?media_file=ebirungi%2Fattachments%2F1770cc68b2384cfdbd83f4d7eb2a8bc9%2F3491351d-ee0f-4a05-b273-b2e27f7c8399%2F1758087414176.jpg,1.6046833 31.6620817 1232.1 4.7,1.6046833,31.6620817,1232.1,4.7,560845373,3491351d-ee0f-4a05-b273-b2e27f7c8399
Masindi,Bikonzi ,Bikonzi ,Bikonzi II,Masindi Center For The Handicapped ,Government,No,153,77,76,153,14,4,10,14,6,3,5,13,13,0,0,14,Yes,7,7,No,,Yes,Yes,Yes,Yes,No,11,11,1,11,1758089989701.jpg,https://kc.kobotoolbox.org/media/original?media_file=ebirungi%2Fattachments%2F1770cc68b2384cfdbd83f4d7eb2a8bc9%2F4d25a356-1bb5-4721-8eef-ba450efbd393%2F1758089989701.jpg,1758090046210.jpg,https://kc.kobotoolbox.org/media/original?media_file=ebirungi%2Fattachments%2F1770cc68b2384cfdbd83f4d7eb2a8bc9%2F4d25a356-1bb5-4721-8eef-ba450efbd393%2F1758090046210.jpg,1.5925275 31.659447 1226.7 4.52,1.5925275,31.659447,1226.7,4.52,560845474,4d25a356-1bb5-4721-8eef-ba450efbd393
Masindi,Bikonzi ,Rukondwa ,Rukondwa ,Rukondwa Primary School ,Government,Yes,287,139,148,31,9,4,5,9,3,1,5,7,7,0,0,14,Yes,5,5,Yes,4,Yes,Yes,Yes,Yes,No,41,32,6,28,1758099417590.jpg,https://kc.kobotoolbox.org/media/original?media_file=ebirungi%2Fattachments%2F1770cc68b2384cfdbd83f4d7eb2a8bc9%2Fa8bbdf5e-68ef-461a-851e-9fc203349c60%2F1758099417590.jpg,1758099476605.jpg,https://kc.kobotoolbox.org/media/original?media_file=ebirungi%2Fattachments%2F1770cc68b2384cfdbd83f4d7eb2a8bc9%2Fa8bbdf5e-68ef-461a-851e-9fc203349c60%2F1758099476605.jpg,1.6239937 31.6869146 1142.4 3.86,1.6239937,31.6869146,1142.4,3.86,560862328,a8bbdf5e-68ef-461a-851e-9fc203349c60
Masindi,Bikonzi ,Bikonzi ,Ikoba ,Ikoba Girls Primary School ,Government,Yes,190,0,190,27,10,4,6,8,4,0,6,7,7,0,0,8,No,,,Yes,2,Yes,Yes,Yes,Yes,No,22,19,2,22,1758095709738.jpg,https://kc.kobotoolbox.org/media/original?media_file=ebirungi%2Fattachments%2F1770cc68b2384cfdbd83f4d7eb2a8bc9%2F4b549bed-5ff7-4a04-b331-965668688e66%2F1758095709738.jpg,1758095820295.jpg,https://kc.kobotoolbox.org/media/original?media_file=ebirungi%2Fattachments%2F1770cc68b2384cfdbd83f4d7eb2a8bc9%2F4b549bed-5ff7-4a04-b331-965668688e66%2F1758095820295.jpg,1.5936968 31.6485775 1187.3 4.78,1.5936968,31.6485775,1187.3,4.78,560862566,4b549bed-5ff7-4a04-b331-965668688e66
Masindi,Bikonzi ,Bikonzi ,Ikoba ,Ikoba Boys Primary School ,Government,No,158,158,0,30,8,3,5,8,3,1,4,7,7,0,0,5,No,,,No,,Yes,Yes,Yes,No,No,20,20,4,32,1758093744110.jpg,https://kc.kobotoolbox.org/media/original?media_file=ebirungi%2Fattachments%2F1770cc68b2384cfdbd83f4d7eb2a8bc9%2F8de98809-868d-4401-9a49-2d3d40e2df32%2F1758093744110.jpg,1758094131891.jpg,https://kc.kobotoolbox.org/media/original?media_file=ebirungi%2Fattachments%2F1770cc68b2384cfdbd83f4d7eb2a8bc9%2F8de98809-868d-4401-9a49-2d3d40e2df32%2F1758094131891.jpg,1.5965512 31.6505297 1168.8 4.84,1.5965512,31.6505297,1168.8,4.84,560862775,8de98809-868d-4401-9a49-2d3d40e2df32
Masindi,Bikonzi ,Rukondwa ,Kichandi,Kichandi Primary School ,Government,Yes,456,243,213,0,8,4,4,8,2,1,5,8,8,0,0,14,Yes,5,5,No,,No,Yes,Yes,No,No,45,57,3,47,1758091400363.jpg,https://kc.kobotoolbox.org/media/original?media_file=ebirungi%2Fattachments%2F1770cc68b2384cfdbd83f4d7eb2a8bc9%2F3ab24c0e-e3ed-4532-a8a7-9246535114aa%2F1758091400363.jpg,1758091590532.jpg,https://kc.kobotoolbox.org/media/original?media_file=ebirungi%2Fattachments%2F1770cc68b2384cfdbd83f4d7eb2a8bc9%2F3ab24c0e-e3ed-4532-a8a7-9246535114aa%2F1758091590532.jpg,1.6028745 31.6972387 1175.5 4.833,1.6028745,31.6972387,1175.5,4.833,560862966,3ab24c0e-e3ed-4532-a8a7-9246535114aa
Masindi,BUDONGO,KASONGOIRE,KISAGURA,KASONGOIRE PRIMARY SCH,Government,No,351,181,170,15,7,4,3,6,1,1,5,3,3,0,0,12,Yes,5,5,Yes,2,Yes,Yes,Yes,No,No,40,50,3,35,1758003268614.jpg,https://kc.kobotoolbox.org/media/original?media_file=ebirungi%2Fattachments%2F1770cc68b2384cfdbd83f4d7eb2a8bc9%2F94acf2a3-9fa1-4c49-849b-084d322cbb21%2F1758003268614.jpg,1758003399199.jpg,https://kc.kobotoolbox.org/media/original?media_file=ebirungi%2Fattachments%2F1770cc68b2384cfdbd83f4d7eb2a8bc9%2F94acf2a3-9fa1-4c49-849b-084d322cbb21%2F1758003399199.jpg,1.583585 31.5564434 1181.845 1.55,1.583585,31.5564434,1181.845,1.55,560377649,94acf2a3-9fa1-4c49-849b-084d322cbb21
Masindi,BUDONGO,KASONGOIRE,KIMANYA 1,KIMANYA PRIMARY SCH.,Government,No,465,247,218,28,9,4,5,9,3,1,5,3,7,0,0,15,Yes,10,5,No,,Yes,Yes,Yes,No,No,66,52,3,31,1758006366141.jpg,https://kc.kobotoolbox.org/media/original?media_file=ebirungi%2Fattachments%2F1770cc68b2384cfdbd83f4d7eb2a8bc9%2F101bf9cf-bbe5-412f-91d2-e7a7299206fc%2F1758006366141.jpg,1758006406309.jpg,https://kc.kobotoolbox.org/media/original?media_file=ebirungi%2Fattachments%2F1770cc68b2384cfdbd83f4d7eb2a8bc9%2F101bf9cf-bbe5-412f-91d2-e7a7299206fc%2F1758006406309.jpg,1.5824592 31.516872 1136.868 0.807,1.5824592,31.516872,1136.868,0.807,560378436,101bf9cf-bbe5-412f-91d2-e7a7299206fc
Masindi,BUDONGO,KARONGO,KARONGO,KARONGO PRIMARY SCH,Government,No,915,479,436,115,9,6,3,9,2,2,5,3,7,0,0,10,Yes,5,5,No,,No,Yes,Yes,Yes,No,131,102,10,92,1758024685870.jpg,https://kc.kobotoolbox.org/media/original?media_file=ebirungi%2Fattachments%2F1770cc68b2384cfdbd83f4d7eb2a8bc9%2F55129f70-331b-49df-9711-65899f92359c%2F1758024685870.jpg,1758024754773.jpg,https://kc.kobotoolbox.org/media/original?media_file=ebirungi%2Fattachments%2F1770cc68b2384cfdbd83f4d7eb2a8bc9%2F55129f70-331b-49df-9711-65899f92359c%2F1758024754773.jpg,1.6728005 31.5123992 1056.629 1.054,1.6728005,31.5123992,1056.629,1.054,560947997,55129f70-331b-49df-9711-65899f92359c
Masindi,BUDONGO,NYABYEYA,Nyakafunjo,BUDONGO SAW MILLS PRI.SCH.,Government,No,227,127,100,61,7,4,3,7,4,1,2,4,8,0,0,10,Yes,5,5,No,,Yes,Yes,Yes,No,No,35,35,3,23,1758026523299.jpg,https://kc.kobotoolbox.org/media/original?media_file=ebirungi%2Fattachments%2F1770cc68b2384cfdbd83f4d7eb2a8bc9%2Faa595144-5e05-45b4-afb9-122f62711052%2F1758026523299.jpg,1758026627154.jpg,https://kc.kobotoolbox.org/media/original?media_file=ebirungi%2Fattachments%2F1770cc68b2384cfdbd83f4d7eb2a8bc9%2Faa595144-5e05-45b4-afb9-122f62711052%2F1758026627154.jpg,1.6929115 31.539469 1072.903 4.982,1.6929115,31.539469,1072.903,4.982,560949813,aa595144-5e05-45b4-afb9-122f62711052
Masindi,BUDONGO,NYABYEYA,NYABYEYA,NYABYEYA PRIMARY SCH,Government,Yes,1807,906,901,214,20,5,15,20,12,3,5,6,10,5,0,15,Yes,10,5,No,,Yes,Yes,Yes,Yes,No,120,90,5,120,1758029749245.jpg,https://kc.kobotoolbox.org/media/original?media_file=ebirungi%2Fattachments%2F1770cc68b2384cfdbd83f4d7eb2a8bc9%2F6de866f2-a5d3-4d04-ace5-1a44077c70ac%2F1758029749245.jpg,1758029831779.jpg,https://kc.kobotoolbox.org/media/original?media_file=ebirungi%2Fattachments%2F1770cc68b2384cfdbd83f4d7eb2a8bc9%2F6de866f2-a5d3-4d04-ace5-1a44077c70ac%2F1758029831779.jpg,1.6753291 31.5474469 1127.745 4.912,1.6753291,31.5474469,1127.745,4.912,560950000,6de866f2-a5d3-4d04-ace5-1a44077c70ac
Masindi,BUDONGO,KASONGOIRE,BULYANGO,BULYANGO PUB. PRIMARY SCH,Government,No,514,294,220,50,10,3,7,9,1,2,6,7,7,0,0,12,Yes,5,5,Yes,2,Yes,Yes,Yes,No,No,74,74,4,52,1758096858581.jpg,https://kc.kobotoolbox.org/media/original?media_file=ebirungi%2Fattachments%2F1770cc68b2384cfdbd83f4d7eb2a8bc9%2F1f2dd3b2-c17d-4c18-9ebf-c6630a848059%2F1758096858581.jpg,1758096934681.jpg,https://kc.kobotoolbox.org/media/original?media_file=ebirungi%2Fattachments%2F1770cc68b2384cfdbd83f4d7eb2a8bc9%2F1f2dd3b2-c17d-4c18-9ebf-c6630a848059%2F1758096934681.jpg,1.6229355 31.5337608 1084.798 2.185,1.6229355,31.5337608,1084.798,2.185,561022418,1f2dd3b2-c17d-4c18-9ebf-c6630a848059
Masindi,Bulima Town Council ,Kahembe,Kisalizi,Kisalizi ,Government,Yes,438,223,215,29,10,4,6,10,6,2,2,7,7,0,0,11,Yes,5,6,Yes,2,Yes,Yes,Yes,No,No,60,53,5,44,1758005945245.jpg,https://kc.kobotoolbox.org/media/original?media_file=ebirungi%2Fattachments%2F1770cc68b2384cfdbd83f4d7eb2a8bc9%2F4c9815f0-c65c-4474-9552-5e0227f8f04a%2F1758005945245.jpg,1758006078451.jpg,https://kc.kobotoolbox.org/media/original?media_file=ebirungi%2Fattachments%2F1770cc68b2384cfdbd83f4d7eb2a8bc9%2F4c9815f0-c65c-4474-9552-5e0227f8f04a%2F1758006078451.jpg,1.5267345 31.5030907 992.2 4.98,1.5267345,31.5030907,992.2,4.98,560024495,4c9815f0-c65c-4474-9552-5e0227f8f04a
Masindi,Bulima Town Council ,Kahembe ,Kabagaranma,Bulima Valley Nursery And Primary ,Private,Yes,512,264,248,0,15,9,6,,1,0,14,9,9,0,0,8,Yes,3,3,Yes,2,Yes,Yes,Yes,Yes,No,60,34,3,85,1758010062922.jpg,https://kc.kobotoolbox.org/media/original?media_file=ebirungi%2Fattachments%2F1770cc68b2384cfdbd83f4d7eb2a8bc9%2Fdad27ccc-227b-4b19-8067-7e1de6250a78%2F1758010062922.jpg,1758010112747.jpg,https://kc.kobotoolbox.org/media/original?media_file=ebirungi%2Fattachments%2F1770cc68b2384cfdbd83f4d7eb2a8bc9%2Fdad27ccc-227b-4b19-8067-7e1de6250a78%2F1758010112747.jpg,1.5064711 31.5295649 1114.1 4.4,1.5064711,31.5295649,1114.1,4.4,560024721,dad27ccc-227b-4b19-8067-7e1de6250a78
Masindi,Bulima Town Council ,Marongo Ward,Marongo ,Marongo primary ,Government,Yes,460,229,230,46,9,4,5,9,5,1,2,7,7,0,0,9,Yes,5,4,No,,Yes,Yes,Yes,Yes,No,65,51,6,51,1758012858777.jpg,https://kc.kobotoolbox.org/media/original?media_file=ebirungi%2Fattachments%2F1770cc68b2384cfdbd83f4d7eb2a8bc9%2Fe5049031-94ca-4458-80c1-c168bbe99dce%2F1758012858777.jpg,1758012914037.jpg,https://kc.kobotoolbox.org/media/original?media_file=ebirungi%2Fattachments%2F1770cc68b2384cfdbd83f4d7eb2a8bc9%2Fe5049031-94ca-4458-80c1-c168bbe99dce%2F1758012914037.jpg,1.4689883 31.5551641 1136.9 4.94,1.4689883,31.5551641,1136.9,4.94,560024872,e5049031-94ca-4458-80c1-c168bbe99dce
Masindi,Bulima Town Council ,Marongo Ward ,Kayanja Cell,Sunlight Nursery And Primary ,Private,Yes,360,190,170,13,13,5,8,,0,0,5,10,10,0,0,3,Yes,1,1,Yes,1,No,No,Yes,Yes,No,36,36,5,36,1758014391808.jpg,https://kc.kobotoolbox.org/media/original?media_file=ebirungi%2Fattachments%2F1770cc68b2384cfdbd83f4d7eb2a8bc9%2F150b41d4-8835-421b-8cf9-df7943c72358%2F1758014391808.jpg,1758014428337.jpg,https://kc.kobotoolbox.org/media/original?media_file=ebirungi%2Fattachments%2F1770cc68b2384cfdbd83f4d7eb2a8bc9%2F150b41d4-8835-421b-8cf9-df7943c72358%2F1758014428337.jpg,1.4743688 31.5501766 1082.4 4.94,1.4743688,31.5501766,1082.4,4.94,560025201,150b41d4-8835-421b-8cf9-df7943c72358
Masindi,Bulima Town Council ,Kahembe ward,Rwenkole,Bulima primary ,Government,Yes,954,472,482,82,16,6,10,16,5,3,7,4,4,0,0,8,Yes,4,4,No,,Yes,Yes,Yes,Yes,No,136,60,5,119,1758016249591.jpg,https://kc.kobotoolbox.org/media/original?media_file=ebirungi%2Fattachments%2F1770cc68b2384cfdbd83f4d7eb2a8bc9%2F4334acf8-72d1-4bf4-afce-d5c246bf6227%2F1758016249591.jpg,1758016307584.jpg,https://kc.kobotoolbox.org/media/original?media_file=ebirungi%2Fattachments%2F1770cc68b2384cfdbd83f4d7eb2a8bc9%2F4334acf8-72d1-4bf4-afce-d5c246bf6227%2F1758016307584.jpg,1.5109825 31.540297 1117.4 4.933,1.5109825,31.540297,1117.4,4.933,560025435,4334acf8-72d1-4bf4-afce-d5c246bf6227
Masindi,Bulure,Siimbe,Kasomoro,St Paul's primary school ,Government,Yes,667,345,322,52,11,2,9,11,3,5,4,6,6,0,0,14,Yes,5,5,Yes,4,Yes,Yes,Yes,Yes,No,111,61,133,48,1758104953715.jpg,https://kc.kobotoolbox.org/media/original?media_file=ebirungi%2Fattachments%2F1770cc68b2384cfdbd83f4d7eb2a8bc9%2F10e83fff-88e7-459d-b41c-85c9bba9b1e8%2F1758104953715.jpg,1758105537347.jpg,https://kc.kobotoolbox.org/media/original?media_file=ebirungi%2Fattachments%2F1770cc68b2384cfdbd83f4d7eb2a8bc9%2F10e83fff-88e7-459d-b41c-85c9bba9b1e8%2F1758105537347.jpg,1.7637557 31.7855397 1117.873 1.603,1.7637557,31.7855397,1117.873,1.603,561048764,10e83fff-88e7-459d-b41c-85c9bba9b1e8
Masindi,Bwijanga,Ntooma,Kyabikule,Ntooma P/S,Government,Yes,831,423,400,128,11,4,7,11,8,1,2,5,5,0,0,15,Yes,5,5,Yes,5,Yes,No,Yes,Yes,No,104,76,7,83,1758021562805.jpg,https://kc.kobotoolbox.org/media/original?media_file=ebirungi%2Fattachments%2F1770cc68b2384cfdbd83f4d7eb2a8bc9%2F02bf6573-177a-4789-aa7c-f82ef26e21ca%2F1758021562805.jpg,1758022103053.jpg,https://kc.kobotoolbox.org/media/original?media_file=ebirungi%2Fattachments%2F1770cc68b2384cfdbd83f4d7eb2a8bc9%2F02bf6573-177a-4789-aa7c-f82ef26e21ca%2F1758022103053.jpg,1.4330875 31.6420004 1056.609 1.529,1.4330875,31.6420004,1056.609,1.529,560318287,02bf6573-177a-4789-aa7c-f82ef26e21ca
Masindi,Bwijanga,Kitamba,Kitamba,Isimba P/S,Government,Yes,344,175,169,26,8,2,6,7,2,1,5,8,8,0,0,8,Yes,4,4,No,,Yes,Yes,Yes,No,No,49,43,3,43,,,1758098160701.jpg,https://kc.kobotoolbox.org/media/original?media_file=ebirungi%2Fattachments%2F1770cc68b2384cfdbd83f4d7eb2a8bc9%2Fdb2b78b8-99e5-48de-a9e4-f05b360aff24%2F1758098160701.jpg,1.507388 31.5950981 1151.23 4.068,1.507388,31.5950981,1151.23,4.068,560981899,db2b78b8-99e5-48de-a9e4-f05b360aff24
Masindi,Bwijanga,Kitamba,Byerima,Byerima P/S,Government,No,138,69,69,11,8,5,3,8,5,2,1,7,7,0,0,15,Yes,5,5,Yes,5,Yes,Yes,Yes,No,No,20,17,4,14,1758029700605.jpg,https://kc.kobotoolbox.org/media/original?media_file=ebirungi%2Fattachments%2F1770cc68b2384cfdbd83f4d7eb2a8bc9%2Ff0201139-4086-44c7-bf25-ff0418c37329%2F1758029700605.jpg,1758030014712.jpg,https://kc.kobotoolbox.org/media/original?media_file=ebirungi%2Fattachments%2F1770cc68b2384cfdbd83f4d7eb2a8bc9%2Ff0201139-4086-44c7-bf25-ff0418c37329%2F1758030014712.jpg,1.4885385 31.6050963 1056.609 4.709,1.4885385,31.6050963,1056.609,4.709,560318058,f0201139-4086-44c7-bf25-ff0418c37329
Masindi,Bwijanga,Kitamba,Kikingura,Kikingura P/S,Government,Yes,998,481,517,141,19,5,14,12,9,1,7,13,13,0,0,14,Yes,5,7,Yes,2,Yes,Yes,Yes,Yes,No,77,75,4,77,1758011240441.jpg,https://kc.kobotoolbox.org/media/original?media_file=ebirungi%2Fattachments%2F1770cc68b2384cfdbd83f4d7eb2a8bc9%2Fce2c18b0-8cf5-499b-a7ef-136a00e117c7%2F1758011240441.jpg,1758011659725.jpg,https://kc.kobotoolbox.org/media/original?media_file=ebirungi%2Fattachments%2F1770cc68b2384cfdbd83f4d7eb2a8bc9%2Fce2c18b0-8cf5-499b-a7ef-136a00e117c7%2F1758011659725.jpg,1.487037 31.6486173 1056.609 1.74,1.487037,31.6486173,1056.609,1.74,560318166,ce2c18b0-8cf5-499b-a7ef-136a00e117c7
Masindi,Bwijanga,Kitamba,Kikingura,Kikingura Bright Junior P/S,Private,Yes,404,199,205,1,17,8,9,,2,0,15,10,4,6,0,4,Yes,2,1,Yes,1,No,Yes,No,Yes,No,36,30,36,134,1758012916946.jpg,https://kc.kobotoolbox.org/media/original?media_file=ebirungi%2Fattachments%2F1770cc68b2384cfdbd83f4d7eb2a8bc9%2F69ddb147-49cd-4858-ad87-21b9b3951d81%2F1758012916946.jpg,1758013023570.jpg,https://kc.kobotoolbox.org/media/original?media_file=ebirungi%2Fattachments%2F1770cc68b2384cfdbd83f4d7eb2a8bc9%2F69ddb147-49cd-4858-ad87-21b9b3951d81%2F1758013023570.jpg,1.4922045 31.6496751 1056.609 1.808,1.4922045,31.6496751,1056.609,1.808,560318204,69ddb147-49cd-4858-ad87-21b9b3951d81
Masindi,Bwijanga,Kitamba,Kikingura,Lampstand SS,Private,,128,72,56,0,10,4,6,,7,3,0,6,4,2,0,4,Yes,2,2,No,,No,No,Yes,Yes,Yes,50,5,2,30,,,,,1.4880515 31.6529313 1056.609 2.687,1.4880515,31.6529313,1056.609,2.687,560318218,9c5f72bc-4be8-438a-99b3-119cc156a469
Masindi,Bwijanga,Ntooma,Rwebugwara,Nyabubaale P/S,Government,No,244,108,136,49,9,6,3,8,3,0,6,4,4,0,0,8,Yes,5,3,No,,Yes,Yes,Yes,No,No,61,28,1,31,1758018093520.jpg,https://kc.kobotoolbox.org/media/original?media_file=ebirungi%2Fattachments%2F1770cc68b2384cfdbd83f4d7eb2a8bc9%2F7669c126-1792-4710-bf84-206471c9ead1%2F1758018093520.jpg,1758018341821.jpg,https://kc.kobotoolbox.org/media/original?media_file=ebirungi%2Fattachments%2F1770cc68b2384cfdbd83f4d7eb2a8bc9%2F7669c126-1792-4710-bf84-206471c9ead1%2F1758018341821.jpg,1.4333113 31.7020767 1056.609 2.019,1.4333113,31.7020767,1056.609,2.019,560318255,7669c126-1792-4710-bf84-206471c9ead1
Masindi,Bwijanga,Ntooma,Kihagani,Kihagani P/S,Government,No,200,109,91,17,5,3,2,5,2,0,3,7,6,0,1,7,Yes,2,5,No,,Yes,Yes,Yes,No,No,29,40,40,29,1758026619771.jpg,https://kc.kobotoolbox.org/media/original?media_file=ebirungi%2Fattachments%2F1770cc68b2384cfdbd83f4d7eb2a8bc9%2Ffe228a16-d5c9-410a-bb2d-bf3432c3218c%2F1758026619771.jpg,1758027220880.jpg,https://kc.kobotoolbox.org/media/original?media_file=ebirungi%2Fattachments%2F1770cc68b2384cfdbd83f4d7eb2a8bc9%2Ffe228a16-d5c9-410a-bb2d-bf3432c3218c%2F1758027220880.jpg,1.3575894 31.6637102 1056.609 2.683,1.3575894,31.6637102,1056.609,2.683,560318341,fe228a16-d5c9-410a-bb2d-bf3432c3218c
Masindi,Bwijanga,Kitamba,Kihaara,Mihembero P/S,Government,Yes,384,196,188,35,8,3,5,8,3,1,4,7,7,0,0,11,Yes,3,5,Yes,3,Yes,Yes,Yes,Yes,No,55,48,48,48,1758086331148.jpg,https://kc.kobotoolbox.org/media/original?media_file=ebirungi%2Fattachments%2F1770cc68b2384cfdbd83f4d7eb2a8bc9%2Fccfe20f5-dbfa-4a4f-a254-1d012931d31b%2F1758086331148.jpg,1758086843319.jpg,https://kc.kobotoolbox.org/media/original?media_file=ebirungi%2Fattachments%2F1770cc68b2384cfdbd83f4d7eb2a8bc9%2Fccfe20f5-dbfa-4a4f-a254-1d012931d31b%2F1758086843319.jpg,1.5262501 31.6495966 1147.229 4.722,1.5262501,31.6495966,1147.229,4.722,560981703,ccfe20f5-dbfa-4a4f-a254-1d012931d31b
Masindi,Bwijanga,Kahembe,Murro,St. Kizito Murro P/S,Government,Yes,201,112,89,15,8,3,5,8,3,1,4,8,8,0,0,15,Yes,5,5,Yes,5,Yes,Yes,Yes,Yes,No,29,25,25,20,1758110065275.jpg,https://kc.kobotoolbox.org/media/original?media_file=ebirungi%2Fattachments%2F1770cc68b2384cfdbd83f4d7eb2a8bc9%2F04b695c4-9611-45d4-b81a-a067d8119909%2F1758110065275.jpg,1758088180215.jpg,https://kc.kobotoolbox.org/media/original?media_file=ebirungi%2Fattachments%2F1770cc68b2384cfdbd83f4d7eb2a8bc9%2F04b695c4-9611-45d4-b81a-a067d8119909%2F1758088180215.jpg,1.5456235 31.6099823 1152.217 2.216,1.5456235,31.6099823,1152.217,2.216,560981745,04b695c4-9611-45d4-b81a-a067d8119909
Masindi,Bwijanga,Kahembe,Murro,Murro P/S,Government,Yes,351,172,179,25,9,3,6,8,3,1,5,11,6,5,0,9,Yes,5,4,No,,Yes,Yes,Yes,Yes,No,44,36,3,29,1758090798116.jpg,https://kc.kobotoolbox.org/media/original?media_file=ebirungi%2Fattachments%2F1770cc68b2384cfdbd83f4d7eb2a8bc9%2Fe1e4f9ba-e71b-442d-b285-fc089bb4c8d1%2F1758090798116.jpg,1758090776282.jpg,https://kc.kobotoolbox.org/media/original?media_file=ebirungi%2Fattachments%2F1770cc68b2384cfdbd83f4d7eb2a8bc9%2Fe1e4f9ba-e71b-442d-b285-fc089bb4c8d1%2F1758090776282.jpg,1.5462914 31.603097 1100.279 1.78,1.5462914,31.603097,1100.279,1.78,560981798,e1e4f9ba-e71b-442d-b285-fc089bb4c8d1
Masindi,Bwijanga,Kahembe,Musoma,Bwijanga secondary school ,Government,,567,286,281,0,37,28,9,19,5,32,0,9,8,0,1,27,Yes,8,14,Yes,5,Yes,Yes,Yes,Yes,Yes,60,60,2,26,1758092455152.jpg,https://kc.kobotoolbox.org/media/original?media_file=ebirungi%2Fattachments%2F1770cc68b2384cfdbd83f4d7eb2a8bc9%2F59e6c2ce-05d8-4ce7-8ef7-ec4102c7f157%2F1758092455152.jpg,1758093528493.jpg,https://kc.kobotoolbox.org/media/original?media_file=ebirungi%2Fattachments%2F1770cc68b2384cfdbd83f4d7eb2a8bc9%2F59e6c2ce-05d8-4ce7-8ef7-ec4102c7f157%2F1758093528493.jpg,1.5368913 31.5817909 1039.099 1.73,1.5368913,31.5817909,1039.099,1.73,560981843,59e6c2ce-05d8-4ce7-8ef7-ec4102c7f157
Masindi,Bwijanga,Kitamba,Kitamba,Kitamba P/S,Government,Yes,362,185,177,65,8,3,5,7,5,2,0,7,7,0,0,15,Yes,6,4,Yes,4,Yes,Yes,Yes,No,No,52,45,7,36,1758108474595.jpg,https://kc.kobotoolbox.org/media/original?media_file=ebirungi%2Fattachments%2F1770cc68b2384cfdbd83f4d7eb2a8bc9%2F43f08c3d-8c72-4f50-bce8-459c01f05744%2F1758108474595.jpg,1758094875929.jpg,https://kc.kobotoolbox.org/media/original?media_file=ebirungi%2Fattachments%2F1770cc68b2384cfdbd83f4d7eb2a8bc9%2F43f08c3d-8c72-4f50-bce8-459c01f05744%2F1758094875929.jpg,1.5230753 31.5969423 1106.211 1.61,1.5230753,31.5969423,1106.211,1.61,560981873,43f08c3d-8c72-4f50-bce8-459c01f05744
Masindi,Bwijanga,Kitamba,Miramura ,Miramura P/S,Government,Yes,431,216,209,85,8,4,4,8,1,2,5,7,7,0,0,15,Yes,9,5,Yes,1,Yes,Yes,Yes,Yes,No,54,54,4,31,1758101297205.jpg,https://kc.kobotoolbox.org/media/original?media_file=ebirungi%2Fattachments%2F1770cc68b2384cfdbd83f4d7eb2a8bc9%2Fefb8edee-6ad4-4b39-a84e-cd5b8d67566a%2F1758101297205.jpg,1758101464053.jpg,https://kc.kobotoolbox.org/media/original?media_file=ebirungi%2Fattachments%2F1770cc68b2384cfdbd83f4d7eb2a8bc9%2Fefb8edee-6ad4-4b39-a84e-cd5b8d67566a%2F1758101464053.jpg,1.4297799 31.5961822 1083.232 2.494,1.4297799,31.5961822,1083.232,2.494,560981933,efb8edee-6ad4-4b39-a84e-cd5b8d67566a
Masindi,Bwijanga ,Ntooma,Ntooma,Jowate Junior School ,Private,Yes,263,135,128,0,10,5,5,,1,0,9,9,2,0,7,12,Yes,4,4,Yes,4,No,No,Yes,Yes,No,29,26,26,30,1758023190218.jpg,https://kc.kobotoolbox.org/media/original?media_file=ebirungi%2Fattachments%2F1770cc68b2384cfdbd83f4d7eb2a8bc9%2Fd19fe73c-c733-42bc-9abf-baa0229a6872%2F1758023190218.jpg,1758023499786.jpg,https://kc.kobotoolbox.org/media/original?media_file=ebirungi%2Fattachments%2F1770cc68b2384cfdbd83f4d7eb2a8bc9%2Fd19fe73c-c733-42bc-9abf-baa0229a6872%2F1758023499786.jpg,1.43349 31.6396144 1056.609 3.003,1.43349,31.6396144,1056.609,3.003,560318305,d19fe73c-c733-42bc-9abf-baa0229a6872
Masindi,KABANGO TC,KABANGO,KYANKADE,KINYARA HIGH SCH,Private,No,242,132,110,0,16,3,13,,5,11,0,4,4,0,0,12,Yes,4,4,Yes,4,Yes,Yes,Yes,Yes,Yes,61,16,3,31,1758104319567.jpg,https://kc.kobotoolbox.org/media/original?media_file=ebirungi%2Fattachments%2F1770cc68b2384cfdbd83f4d7eb2a8bc9%2F2231705b-11ce-41cf-b769-69816397d31e%2F1758104319567.jpg,1758103656685.jpg,https://kc.kobotoolbox.org/media/original?media_file=ebirungi%2Fattachments%2F1770cc68b2384cfdbd83f4d7eb2a8bc9%2F2231705b-11ce-41cf-b769-69816397d31e%2F1758103656685.jpg,1.6583262 31.5771576 1119.037 1.833,1.6583262,31.5771576,1119.037,1.833,560950520,2231705b-11ce-41cf-b769-69816397d31e
Masindi,KABANGO TC,KABANGO,KIDAMUKE,KABANGO PRIMARY SCH,Government,Yes,1636,786,850,222,23,5,18,23,16,3,4,17,17,0,0,23,Yes,10,10,Yes,3,Yes,Yes,Yes,Yes,No,97,71,3,82,1758101524637.jpg,https://kc.kobotoolbox.org/media/original?media_file=ebirungi%2Fattachments%2F1770cc68b2384cfdbd83f4d7eb2a8bc9%2Fb695d03d-b05f-4fa9-b27b-6334edbffd9c%2F1758101524637.jpg,1758101483459.jpg,https://kc.kobotoolbox.org/media/original?media_file=ebirungi%2Fattachments%2F1770cc68b2384cfdbd83f4d7eb2a8bc9%2Fb695d03d-b05f-4fa9-b27b-6334edbffd9c%2F1758101483459.jpg,1.6481148 31.5812926 1121.044 0.916,1.6481148,31.5812926,1121.044,0.916,560950402,b695d03d-b05f-4fa9-b27b-6334edbffd9c
Masindi,KABANGO TC,KABANGO,KIDAMUKE,KINYARA SEC SCH.,Government,No,819,369,430,20,55,30,25,23,20,35,0,17,17,0,0,29,Yes,10,15,Yes,4,Yes,Yes,Yes,Yes,Yes,49,15,15,33,1758106165141.jpg,https://kc.kobotoolbox.org/media/original?media_file=ebirungi%2Fattachments%2F1770cc68b2384cfdbd83f4d7eb2a8bc9%2F49729400-21cb-4974-8953-4d39f0f2f031%2F1758106165141.jpg,1758106467918.jpg,https://kc.kobotoolbox.org/media/original?media_file=ebirungi%2Fattachments%2F1770cc68b2384cfdbd83f4d7eb2a8bc9%2F49729400-21cb-4974-8953-4d39f0f2f031%2F1758106467918.jpg,1.6500026 31.5869468 1114.963 4.958,1.6500026,31.5869468,1114.963,4.958,560950765,49729400-21cb-4974-8953-4d39f0f2f031
Masindi,KABANGO TC,KABANGO EAST,KABANGO,EBENEZER CHRISTIAN SCH,Private,Yes,345,172,173,3,18,8,10,,2,1,15,8,8,0,0,9,Yes,3,4,Yes,2,No,Yes,Yes,Yes,No,44,20,4,50,1758113210255.jpg,https://kc.kobotoolbox.org/media/original?media_file=ebirungi%2Fattachments%2F1770cc68b2384cfdbd83f4d7eb2a8bc9%2F85a51adf-9cbd-408a-849b-c2da38a42941%2F1758113210255.jpg,1758113264515.jpg,https://kc.kobotoolbox.org/media/original?media_file=ebirungi%2Fattachments%2F1770cc68b2384cfdbd83f4d7eb2a8bc9%2F85a51adf-9cbd-408a-849b-c2da38a42941%2F1758113264515.jpg,1.6465082 31.5879262 1109.206 1.907,1.6465082,31.5879262,1109.206,1.907,560950889,85a51adf-9cbd-408a-849b-c2da38a42941
Masindi,KABANGO TC,KABANGO,KIDAMUKE,MARLYNE PRIMARY SCH,Private,Yes,242,129,113,2,15,5,10,,3,0,12,7,7,0,0,10,Yes,4,4,Yes,2,Yes,Yes,Yes,Yes,No,35,16,5,30,1758098923529.jpg,https://kc.kobotoolbox.org/media/original?media_file=ebirungi%2Fattachments%2F1770cc68b2384cfdbd83f4d7eb2a8bc9%2F7326d9dd-2573-4be2-8850-8c550132a4e5%2F1758098923529.jpg,1758098990135.jpg,https://kc.kobotoolbox.org/media/original?media_file=ebirungi%2Fattachments%2F1770cc68b2384cfdbd83f4d7eb2a8bc9%2F7326d9dd-2573-4be2-8850-8c550132a4e5%2F1758098990135.jpg,1.6472604 31.5766145 1104.688 4.967,1.6472604,31.5766145,1104.688,4.967,561023483,7326d9dd-2573-4be2-8850-8c550132a4e5
Masindi,KABANGO TC,KINYARA,SENIOR QUARTERS,KINYARA SUGAR WORKS PRI SCH,Government,Yes,1675,814,861,168,32,19,13,26,15,1,17,19,19,0,0,23,Yes,9,9,Yes,5,No,Yes,Yes,Yes,No,89,54,3,94,1758089811456.jpg,https://kc.kobotoolbox.org/media/original?media_file=ebirungi%2Fattachments%2F1770cc68b2384cfdbd83f4d7eb2a8bc9%2F2a275caf-606e-4500-9ea3-fa62a50994d0%2F1758089811456.jpg,1758089897448.jpg,https://kc.kobotoolbox.org/media/original?media_file=ebirungi%2Fattachments%2F1770cc68b2384cfdbd83f4d7eb2a8bc9%2F2a275caf-606e-4500-9ea3-fa62a50994d0%2F1758089897448.jpg,1.6310715 31.6025366 1110.167 2.072,1.6310715,31.6025366,1110.167,2.072,561024862,2a275caf-606e-4500-9ea3-fa62a50994d0
Masindi,Kijunjubwa Subcounty,Kijunjubwa,Kyangamoyo,Arise and Prosper PS,Private,Yes,367,204,163,0,8,5,3,,3,0,5,7,7,0,0,3,Yes,2,2,Yes,2,No,Yes,Yes,Yes,No,40,46,30,91,1758117401403.jpg,https://kc.kobotoolbox.org/media/original?media_file=ebirungi%2Fattachments%2F1770cc68b2384cfdbd83f4d7eb2a8bc9%2F626f9103-2fc4-4257-bda8-35fac8a8024f%2F1758117401403.jpg,1758006933859.jpg,https://kc.kobotoolbox.org/media/original?media_file=ebirungi%2Fattachments%2F1770cc68b2384cfdbd83f4d7eb2a8bc9%2F626f9103-2fc4-4257-bda8-35fac8a8024f%2F1758006933859.jpg,1.464165 31.7510471 1056.609 1.486,1.464165,31.7510471,1056.609,1.486,560981969,626f9103-2fc4-4257-bda8-35fac8a8024f
Masindi,Kijunjubwa Subcounty ,Miduuma,Kirinzi,Miduuma PS,Government,Yes,255,159,96,24,8,4,4,8,2,0,6,7,9,0,2,12,Yes,5,5,Yes,2,Yes,Yes,Yes,No,No,36,36,5,26,1758003902805.jpg,https://kc.kobotoolbox.org/media/original?media_file=ebirungi%2Fattachments%2F1770cc68b2384cfdbd83f4d7eb2a8bc9%2Fb1daa123-b15c-44ab-ba0c-8f40bf1e37db%2F1758003902805.jpg,1758004046246.jpg,https://kc.kobotoolbox.org/media/original?media_file=ebirungi%2Fattachments%2F1770cc68b2384cfdbd83f4d7eb2a8bc9%2Fb1daa123-b15c-44ab-ba0c-8f40bf1e37db%2F1758004046246.jpg,1.3965213 31.7976344 1042.885 4.855,1.3965213,31.7976344,1042.885,4.855,560318130,b1daa123-b15c-44ab-ba0c-8f40bf1e37db
Masindi,Kijunjubwa TC,Kijunjubwa,Kijunjubwa,Kijunjubwa PS,Government,Yes,549,258,291,21,7,4,3,7,2,1,4,10,9,0,0,15,Yes,10,5,No,,Yes,No,Yes,No,No,75,75,35,45,1758000229648.jpg,https://kc.kobotoolbox.org/media/original?media_file=ebirungi%2Fattachments%2F1770cc68b2384cfdbd83f4d7eb2a8bc9%2Ff9f02142-4752-4517-ba0f-557784cd1187%2F1758000229648.jpg,1758000541082.jpg,https://kc.kobotoolbox.org/media/original?media_file=ebirungi%2Fattachments%2F1770cc68b2384cfdbd83f4d7eb2a8bc9%2Ff9f02142-4752-4517-ba0f-557784cd1187%2F1758000541082.jpg,1.4820283 31.7716678 986.994 4.505,1.4820283,31.7716678,986.994,4.505,560318097,f9f02142-4752-4517-ba0f-557784cd1187
Masindi,Kimengo,Kimengo,Kimengo,Kimengo ,Government,Yes,200,150,50,2,12,5,7,3,3,4,5,6,4,1,2,5,Yes,1,1,Yes,2,Yes,Yes,Yes,No,No,30,30,5,30,1757996755977.jpg,https://kc.kobotoolbox.org/media/original?media_file=ebirungi%2Fattachments%2F1770cc68b2384cfdbd83f4d7eb2a8bc9%2Fee90eb8e-3e44-4273-ad72-2ab86f4ed545%2F1757996755977.jpg,1757996783812.jpg,https://kc.kobotoolbox.org/media/original?media_file=ebirungi%2Fattachments%2F1770cc68b2384cfdbd83f4d7eb2a8bc9%2Fee90eb8e-3e44-4273-ad72-2ab86f4ed545%2F1757996783812.jpg,1.6799047 31.7226133 1132.182 1.544,1.6799047,31.7226133,1132.182,1.544,561048290,ee90eb8e-3e44-4273-ad72-2ab86f4ed545
Masindi,Kimengo,Kimengo,Kibangya,Kayere primary,Government,Yes,628,346,282,96,10,2,8,8,3,1,6,7,7,1,2,3,Yes,1,1,Yes,1,Yes,Yes,Yes,No,No,89,89,6,62,1758007898724.jpg,https://kc.kobotoolbox.org/media/original?media_file=ebirungi%2Fattachments%2F1770cc68b2384cfdbd83f4d7eb2a8bc9%2Ff62d4ee9-26ee-4655-ad27-d076a2c46253%2F1758007898724.jpg,1758007964731.jpg,https://kc.kobotoolbox.org/media/original?media_file=ebirungi%2Fattachments%2F1770cc68b2384cfdbd83f4d7eb2a8bc9%2Ff62d4ee9-26ee-4655-ad27-d076a2c46253%2F1758007964731.jpg,1.5540139 32.0357877 1031.937 1.424,1.5540139,32.0357877,1031.937,1.424,561048325,f62d4ee9-26ee-4655-ad27-d076a2c46253
Masindi,Kimengo ,Kibangya,Kibangya,Jerusalem primary ,Private,Yes,295,150,145,0,12,7,5,,0,0,12,4,4,6,0,6,Yes,2,2,Yes,2,No,No,Yes,No,No,30,30,8,70,1758009814477.jpg,https://kc.kobotoolbox.org/media/original?media_file=ebirungi%2Fattachments%2F1770cc68b2384cfdbd83f4d7eb2a8bc9%2F45b0f17c-783d-479c-9179-b4c6bbfdd1ce%2F1758009814477.jpg,1758009861437.jpg,https://kc.kobotoolbox.org/media/original?media_file=ebirungi%2Fattachments%2F1770cc68b2384cfdbd83f4d7eb2a8bc9%2F45b0f17c-783d-479c-9179-b4c6bbfdd1ce%2F1758009861437.jpg,1.55237 32.035716 1034.5 1.542,1.55237,32.035716,1034.5,1.542,561048372,45b0f17c-783d-479c-9179-b4c6bbfdd1ce
Masindi,Kimengo ,Kibangya,Kibangya,Kayara parents school ,Private,Yes,232,109,123,0,12,8,4,,0,0,12,7,0,7,0,5,Yes,2,3,No,,No,Yes,Yes,No,No,25,19,0,46,1758011856292.jpg,https://kc.kobotoolbox.org/media/original?media_file=ebirungi%2Fattachments%2F1770cc68b2384cfdbd83f4d7eb2a8bc9%2F7e3c44b3-5d43-401b-8059-fc3cd73930ad%2F1758011856292.jpg,1758011921234.jpg,https://kc.kobotoolbox.org/media/original?media_file=ebirungi%2Fattachments%2F1770cc68b2384cfdbd83f4d7eb2a8bc9%2F7e3c44b3-5d43-401b-8059-fc3cd73930ad%2F1758011921234.jpg,1.5581602 32.0258025 1035.949 1.541,1.5581602,32.0258025,1035.949,1.541,561048398,7e3c44b3-5d43-401b-8059-fc3cd73930ad
Masindi,Kimengo ,Kimengo ,Karwara,Kimengo primary ,Government,Yes,658,326,332,30,11,3,8,8,2,3,4,3,3,0,0,4,Yes,1,1,Yes,2,Yes,Yes,Yes,No,No,109,59,0,65,1758015045423.jpg,https://kc.kobotoolbox.org/media/original?media_file=ebirungi%2Fattachments%2F1770cc68b2384cfdbd83f4d7eb2a8bc9%2Fe2925dc6-69d4-416a-afa0-e0bd99725313%2F1758015045423.jpg,1758015089142.jpg,https://kc.kobotoolbox.org/media/original?media_file=ebirungi%2Fattachments%2F1770cc68b2384cfdbd83f4d7eb2a8bc9%2Fe2925dc6-69d4-416a-afa0-e0bd99725313%2F1758015089142.jpg,1.5691841 31.9583793 1059.265 1.846,1.5691841,31.9583793,1059.265,1.846,561048427,e2925dc6-69d4-416a-afa0-e0bd99725313
Masindi,Kiruli,Kiruli,Kiruli,God's will Primary School,Private,Yes,349,161,188,0,10,5,5,,1,0,9,4,6,3,0,8,Yes,4,4,No,,No,Yes,Yes,Yes,No,55,55,10,20,1758016735524.jpg,https://kc.kobotoolbox.org/media/original?media_file=ebirungi%2Fattachments%2F1770cc68b2384cfdbd83f4d7eb2a8bc9%2Ff81684cb-23d5-454e-a69c-e5640547a3de%2F1758016735524.jpg,1758016801013.jpg,https://kc.kobotoolbox.org/media/original?media_file=ebirungi%2Fattachments%2F1770cc68b2384cfdbd83f4d7eb2a8bc9%2Ff81684cb-23d5-454e-a69c-e5640547a3de%2F1758016801013.jpg,1.8430615 31.8223186 1100.037 1.23,1.8430615,31.8223186,1100.037,1.23,560297334,f81684cb-23d5-454e-a69c-e5640547a3de
Masindi,Kiruli,Kiruli,Nyakarongo,Nyakarongo Primary School,Government,No,514,246,268,45,8,5,3,8,1,2,5,3,4,4,0,9,Yes,4,5,No,,Yes,No,Yes,Yes,No,129,64,64,57,1758019368753.jpg,https://kc.kobotoolbox.org/media/original?media_file=ebirungi%2Fattachments%2F1770cc68b2384cfdbd83f4d7eb2a8bc9%2Fae4f0d88-6187-457b-b725-ce297d37af7e%2F1758019368753.jpg,1758019452792.jpg,https://kc.kobotoolbox.org/media/original?media_file=ebirungi%2Fattachments%2F1770cc68b2384cfdbd83f4d7eb2a8bc9%2Fae4f0d88-6187-457b-b725-ce297d37af7e%2F1758019452792.jpg,1.8972695 31.8925176 1125.498 1.659,1.8972695,31.8925176,1125.498,1.659,560297401,ae4f0d88-6187-457b-b725-ce297d37af7e
Masindi,Kiruli,Kiruli,Kitanyata,Kitanyata Primary School,Government,No,1030,533,497,76,13,5,8,13,0,1,12,4,9,0,0,13,Yes,5,5,Yes,3,Yes,Yes,Yes,Yes,No,114,79,4,103,1758021456427.jpg,https://kc.kobotoolbox.org/media/original?media_file=ebirungi%2Fattachments%2F1770cc68b2384cfdbd83f4d7eb2a8bc9%2F15ab754e-be2f-4829-ba0e-8134a8f27854%2F1758021456427.jpg,1758021523977.jpg,https://kc.kobotoolbox.org/media/original?media_file=ebirungi%2Fattachments%2F1770cc68b2384cfdbd83f4d7eb2a8bc9%2F15ab754e-be2f-4829-ba0e-8134a8f27854%2F1758021523977.jpg,1.8551224 31.84455 1120.285 3.905,1.8551224,31.84455,1120.285,3.905,560297464,15ab754e-be2f-4829-ba0e-8134a8f27854
Masindi,Kiruli,Kibibira,Kibibira,Kibibira Primary School,Government,No,1130,576,537,58,10,6,4,10,5,2,3,3,6,1,0,12,Yes,5,5,Yes,2,No,Yes,Yes,No,No,161,113,40,113,1758034860763.jpg,https://kc.kobotoolbox.org/media/original?media_file=ebirungi%2Fattachments%2F1770cc68b2384cfdbd83f4d7eb2a8bc9%2Fc0091f66-dff6-447b-abec-edf83411ed7a%2F1758034860763.jpg,1758023099965.jpg,https://kc.kobotoolbox.org/media/original?media_file=ebirungi%2Fattachments%2F1770cc68b2384cfdbd83f4d7eb2a8bc9%2Fc0091f66-dff6-447b-abec-edf83411ed7a%2F1758023099965.jpg,1.8352544 31.8782363 1185.69 1.938,1.8352544,31.8782363,1185.69,1.938,560297544,c0091f66-dff6-447b-abec-edf83411ed7a
Masindi,Kiruli,Kiruli,Kisindizi,Kisindizi 2 primary school ,Government,No,603,305,298,59,8,2,6,8,3,2,3,7,7,0,0,10,Yes,6,4,Yes,2,No,Yes,Yes,No,No,75,75,151,60,1758102507240.jpg,https://kc.kobotoolbox.org/media/original?media_file=ebirungi%2Fattachments%2F1770cc68b2384cfdbd83f4d7eb2a8bc9%2F363cb134-f4e3-49c7-8aef-d856825482c0%2F1758102507240.jpg,1758102534991.jpg,https://kc.kobotoolbox.org/media/original?media_file=ebirungi%2Fattachments%2F1770cc68b2384cfdbd83f4d7eb2a8bc9%2F363cb134-f4e3-49c7-8aef-d856825482c0%2F1758102534991.jpg,1.7752943 31.8413431 1087.495 1.514,1.7752943,31.8413431,1087.495,1.514,561048734,363cb134-f4e3-49c7-8aef-d856825482c0
Masindi,Kyatiri ,Kyatiri,Kisekula 2,Blessed Damian primary school ,Private,Yes,367,197,170,1,18,9,9,,14,1,3,7,7,0,0,14,Yes,5,9,Yes,2,No,Yes,Yes,Yes,No,52,20,122,26,1758099356645.jpg,https://kc.kobotoolbox.org/media/original?media_file=ebirungi%2Fattachments%2F1770cc68b2384cfdbd83f4d7eb2a8bc9%2F3af7923a-be52-4691-b57a-144c2ccf70f8%2F1758099356645.jpg,1758097715789.jpg,https://kc.kobotoolbox.org/media/original?media_file=ebirungi%2Fattachments%2F1770cc68b2384cfdbd83f4d7eb2a8bc9%2F3af7923a-be52-4691-b57a-144c2ccf70f8%2F1758097715789.jpg,1.7784031 31.9025527 1085.903 3.664,1.7784031,31.9025527,1085.903,3.664,561048686,3af7923a-be52-4691-b57a-144c2ccf70f8
Masindi,Kyatiri ,Nyambindo,Kyakayaga1,Nyambindo primary school ,Government,Yes,637,335,302,31,10,4,6,10,6,0,4,6,6,1,0,7,Yes,5,2,Yes,2,Yes,Yes,Yes,Yes,No,106,64,212,91,1758101099824.jpg,https://kc.kobotoolbox.org/media/original?media_file=ebirungi%2Fattachments%2F1770cc68b2384cfdbd83f4d7eb2a8bc9%2F9d90498c-4643-41af-b775-f6d05c231c44%2F1758101099824.jpg,1758101210833.jpg,https://kc.kobotoolbox.org/media/original?media_file=ebirungi%2Fattachments%2F1770cc68b2384cfdbd83f4d7eb2a8bc9%2F9d90498c-4643-41af-b775-f6d05c231c44%2F1758101210833.jpg,1.7831549 31.8551108 1114.012 2.047,1.7831549,31.8551108,1114.012,2.047,561048711,9d90498c-4643-41af-b775-f6d05c231c44
Masindi,Labongo,Labongo,Walyoba,Walyoba primary school,Government,Yes,1083,516,567,80,17,11,6,17,8,3,6,4,8,5,0,27,Yes,10,15,Yes,2,Yes,Yes,Yes,Yes,No,135,64,3,43,1758030858365.jpg,https://kc.kobotoolbox.org/media/original?media_file=ebirungi%2Fattachments%2F1770cc68b2384cfdbd83f4d7eb2a8bc9%2F2f260e97-0063-4ed7-8ff1-b51feb47a2b9%2F1758030858365.jpg,1758031021452.jpg,https://kc.kobotoolbox.org/media/original?media_file=ebirungi%2Fattachments%2F1770cc68b2384cfdbd83f4d7eb2a8bc9%2F2f260e97-0063-4ed7-8ff1-b51feb47a2b9%2F1758031021452.jpg,1.7613835 31.7692724 1137.701 2.81,1.7613835,31.7692724,1137.701,2.81,560297701,2f260e97-0063-4ed7-8ff1-b51feb47a2b9
Masindi,Labongo,Labongo,Kilanyi,Kilanyi Primary School,Government,Yes,458,242,216,52,10,2,8,10,9,2,1,2,8,0,0,4,Yes,1,2,Yes,1,Yes,Yes,Yes,Yes,No,65,45,25,30,1757999271734.jpg,https://kc.kobotoolbox.org/media/original?media_file=ebirungi%2Fattachments%2F1770cc68b2384cfdbd83f4d7eb2a8bc9%2F4f2b5eec-c1f0-48d0-8013-92305309ce3a%2F1757999271734.jpg,1757999458694.jpg,https://kc.kobotoolbox.org/media/original?media_file=ebirungi%2Fattachments%2F1770cc68b2384cfdbd83f4d7eb2a8bc9%2F4f2b5eec-c1f0-48d0-8013-92305309ce3a%2F1757999458694.jpg,1.7818846 31.7125276 1117.800048828125 2.119,1.7818846,31.7125276,1117.800049,2.119,560297741,4f2b5eec-c1f0-48d0-8013-92305309ce3a
Masindi,Labongo,Kihaguzi,Kasenyi,Bokwe primary school,Government,Yes,1167,549,618,187,13,6,7,13,6,2,5,4,13,2,0,10,Yes,5,5,Yes,1,Yes,Yes,Yes,Yes,No,97,83,56,117,1758003477560.jpg,https://kc.kobotoolbox.org/media/original?media_file=ebirungi%2Fattachments%2F1770cc68b2384cfdbd83f4d7eb2a8bc9%2Fae200a37-a537-4584-8e92-f8778789aea0%2F1758003477560.jpg,1758002946897.jpg,https://kc.kobotoolbox.org/media/original?media_file=ebirungi%2Fattachments%2F1770cc68b2384cfdbd83f4d7eb2a8bc9%2Fae200a37-a537-4584-8e92-f8778789aea0%2F1758002946897.jpg,1.8235934 31.7060016 1077.876 1.613,1.8235934,31.7060016,1077.876,1.613,560297778,ae200a37-a537-4584-8e92-f8778789aea0
Masindi,Labongo,Kyakamese,Kisindizi,Kisindizi Public School,Government,No,296,153,143,34,8,4,4,8,4,1,3,7,6,1,0,13,Yes,5,5,Yes,3,Yes,Yes,Yes,No,No,45,37,2,30,1758087608283.jpg,https://kc.kobotoolbox.org/media/original?media_file=ebirungi%2Fattachments%2F1770cc68b2384cfdbd83f4d7eb2a8bc9%2F72e1b535-0166-4289-a83a-0ee8abfd660f%2F1758087608283.jpg,1758087263622.jpg,https://kc.kobotoolbox.org/media/original?media_file=ebirungi%2Fattachments%2F1770cc68b2384cfdbd83f4d7eb2a8bc9%2F72e1b535-0166-4289-a83a-0ee8abfd660f%2F1758087263622.jpg,1.7896557 31.7455632 1093.485 2.052,1.7896557,31.7455632,1093.485,2.052,560927805,72e1b535-0166-4289-a83a-0ee8abfd660f
Masindi,Labongo,Labongo,Katiika,Seven Gifts Nursery and primary school,Private,Yes,120,57,63,0,9,3,6,,3,0,6,10,5,1,4,6,Yes,2,2,Yes,2,No,Yes,No,Yes,No,1,14,6,30,1758099769986.jpg,https://kc.kobotoolbox.org/media/original?media_file=ebirungi%2Fattachments%2F1770cc68b2384cfdbd83f4d7eb2a8bc9%2Fac1f9072-8417-4e91-93b3-d6e67c637780%2F1758099769986.jpg,1758099175196.jpg,https://kc.kobotoolbox.org/media/original?media_file=ebirungi%2Fattachments%2F1770cc68b2384cfdbd83f4d7eb2a8bc9%2Fac1f9072-8417-4e91-93b3-d6e67c637780%2F1758099175196.jpg,1.7784387 31.7248988 1132.614 2.685,1.7784387,31.7248988,1132.614,2.685,560927972,ac1f9072-8417-4e91-93b3-d6e67c637780
Masindi,Labongo,Kasenyi,Kibamba,Kibamba Primary School,Government,Yes,749,386,363,45,12,7,5,10,3,3,6,9,9,0,0,11,Yes,4,5,Yes,2,Yes,No,Yes,No,No,83,62,60,68,1758104099955.jpg,https://kc.kobotoolbox.org/media/original?media_file=ebirungi%2Fattachments%2F1770cc68b2384cfdbd83f4d7eb2a8bc9%2F68a3668f-7887-465c-8093-12aab1d988f3%2F1758104099955.jpg,1758103662319.jpg,https://kc.kobotoolbox.org/media/original?media_file=ebirungi%2Fattachments%2F1770cc68b2384cfdbd83f4d7eb2a8bc9%2F68a3668f-7887-465c-8093-12aab1d988f3%2F1758103662319.jpg,1.8515838 31.7093924 0.0 500.0,1.8515838,31.7093924,0,500,560928010,68a3668f-7887-465c-8093-12aab1d988f3
Masindi,Labongo,Labongo,Nyakyanika,Nyakyanika Primary School,Government,Yes,974,517,457,18,10,5,5,10,6,2,0,7,7,0,0,15,Yes,4,7,Yes,4,Yes,Yes,Yes,Yes,No,139,97,80,89,1758107255485.jpg,https://kc.kobotoolbox.org/media/original?media_file=ebirungi%2Fattachments%2F1770cc68b2384cfdbd83f4d7eb2a8bc9%2F8c8da40e-5beb-41d5-9caf-258e440b3876%2F1758107255485.jpg,1758106873687.jpg,https://kc.kobotoolbox.org/media/original?media_file=ebirungi%2Fattachments%2F1770cc68b2384cfdbd83f4d7eb2a8bc9%2F8c8da40e-5beb-41d5-9caf-258e440b3876%2F1758106873687.jpg,1.739003 31.6862319 0.0 600.0,1.739003,31.6862319,0,600,560928060,8c8da40e-5beb-41d5-9caf-258e440b3876
Masindi,Labongo,Labongo,Kilanyi,Kilanyi Muslim Primary School,Government,No,411,225,186,11,9,2,7,9,2,2,5,7,7,0,0,11,Yes,4,5,Yes,2,Yes,Yes,Yes,No,No,58,45,20,37,1758119545336.jpg,https://kc.kobotoolbox.org/media/original?media_file=ebirungi%2Fattachments%2F1770cc68b2384cfdbd83f4d7eb2a8bc9%2F2e674a6e-f71e-43cc-829b-ddc5576ecbeb%2F1758119545336.jpg,1758111980134.jpg,https://kc.kobotoolbox.org/media/original?media_file=ebirungi%2Fattachments%2F1770cc68b2384cfdbd83f4d7eb2a8bc9%2F2e674a6e-f71e-43cc-829b-ddc5576ecbeb%2F1758111980134.jpg,1.7757595 31.7165108 1094.708 4.21,1.7757595,31.7165108,1094.708,4.21,561015100,2e674a6e-f71e-43cc-829b-ddc5576ecbeb
Masindi,Miirya,Bigando,Kibali,Kibali primary school ,Government,No,221,108,113,36,7,3,4,7,2,2,3,2,4,3,0,2,Yes,5,4,Yes,1,No,Yes,Yes,No,No,32,32,3,25,1758020136709.jpg,https://kc.kobotoolbox.org/media/original?media_file=ebirungi%2Fattachments%2F1770cc68b2384cfdbd83f4d7eb2a8bc9%2F18afc3db-18d2-4020-8b3d-4746e44685c6%2F1758020136709.jpg,1758020173884.jpg,https://kc.kobotoolbox.org/media/original?media_file=ebirungi%2Fattachments%2F1770cc68b2384cfdbd83f4d7eb2a8bc9%2F18afc3db-18d2-4020-8b3d-4746e44685c6%2F1758020173884.jpg,1.6205293 31.7823994 1367.556 2.583,1.6205293,31.7823994,1367.556,2.583,561048494,18afc3db-18d2-4020-8b3d-4746e44685c6
Masindi,Miirya,Bigando,Kahaara 2,Kahaara primary school ,Government,Yes,399,205,194,76,8,3,5,8,1,2,5,4,8,0,2,4,Yes,8,10,No,,Yes,Yes,Yes,No,No,50,50,2,22,1758024267443.jpg,https://kc.kobotoolbox.org/media/original?media_file=ebirungi%2Fattachments%2F1770cc68b2384cfdbd83f4d7eb2a8bc9%2F7497cdd7-c7f5-47c4-a8f2-b51333be0bba%2F1758024267443.jpg,1758024299635.jpg,https://kc.kobotoolbox.org/media/original?media_file=ebirungi%2Fattachments%2F1770cc68b2384cfdbd83f4d7eb2a8bc9%2F7497cdd7-c7f5-47c4-a8f2-b51333be0bba%2F1758024299635.jpg,1.6679719 31.8221829 1094.312 2.581,1.6679719,31.8221829,1094.312,2.581,561048522,7497cdd7-c7f5-47c4-a8f2-b51333be0bba
Masindi,Miirya,Kigulya ,Kinnhmi,Kinumi primary school ,Government,Yes,645,324,321,38,12,5,7,12,4,1,7,9,9,0,0,7,Yes,2,2,No,,Yes,Yes,Yes,Yes,No,92,92,4,161,1758026284544.jpg,https://kc.kobotoolbox.org/media/original?media_file=ebirungi%2Fattachments%2F1770cc68b2384cfdbd83f4d7eb2a8bc9%2Fe7ad2d91-6660-46d5-81b5-b65a45024414%2F1758026284544.jpg,1758026329996.jpg,https://kc.kobotoolbox.org/media/original?media_file=ebirungi%2Fattachments%2F1770cc68b2384cfdbd83f4d7eb2a8bc9%2Fe7ad2d91-6660-46d5-81b5-b65a45024414%2F1758026329996.jpg,1.7097673 31.8361209 1047.682 3.041,1.7097673,31.8361209,1047.682,3.041,561048542,e7ad2d91-6660-46d5-81b5-b65a45024414
Masindi,Miirya,Kigulya ,Kigezi,Kigezi primary school ,Government,Yes,525,273,252,42,9,2,7,9,1,3,6,3,6,1,1,9,Yes,4,5,No,,Yes,Yes,Yes,No,No,133,133,6,66,1758028294506.jpg,https://kc.kobotoolbox.org/media/original?media_file=ebirungi%2Fattachments%2F1770cc68b2384cfdbd83f4d7eb2a8bc9%2F245bc37a-591d-40f8-990f-4b5223c9a9db%2F1758028294506.jpg,1758028333279.jpg,https://kc.kobotoolbox.org/media/original?media_file=ebirungi%2Fattachments%2F1770cc68b2384cfdbd83f4d7eb2a8bc9%2F245bc37a-591d-40f8-990f-4b5223c9a9db%2F1758028333279.jpg,1.6981265 31.7981378 1078.132 1.732,1.6981265,31.7981378,1078.132,1.732,561048565,245bc37a-591d-40f8-990f-4b5223c9a9db
Masindi,Miirya,Isimba,Kyabaswa,Kyabaswa primary school ,Government,Yes,412,220,192,13,8,3,5,7,1,1,6,4,4,0,7,3,Yes,4,8,No,,Yes,Yes,Yes,No,No,50,84,4,62,1758031305124.jpg,https://kc.kobotoolbox.org/media/original?media_file=ebirungi%2Fattachments%2F1770cc68b2384cfdbd83f4d7eb2a8bc9%2Fc2d730a6-3b2d-4513-80fc-f391a299cb0a%2F1758031305124.jpg,1758031331293.jpg,https://kc.kobotoolbox.org/media/original?media_file=ebirungi%2Fattachments%2F1770cc68b2384cfdbd83f4d7eb2a8bc9%2Fc2d730a6-3b2d-4513-80fc-f391a299cb0a%2F1758031331293.jpg,1.7363569 31.79251 1119.814 1.582,1.7363569,31.79251,1119.814,1.582,561048597,c2d730a6-3b2d-4513-80fc-f391a299cb0a
Masindi,Miirya,Kigulya ,Bishen,Kitwetwe,Government,No,380,211,169,30,8,6,2,8,2,2,4,7,7,0,0,15,Yes,5,10,Yes,2,Yes,Yes,Yes,No,No,54,48,10,25,1758086775077.jpg,https://kc.kobotoolbox.org/media/original?media_file=ebirungi%2Fattachments%2F1770cc68b2384cfdbd83f4d7eb2a8bc9%2F29937f6c-40e5-4010-8d5a-8b3c11ab1ace%2F1758086775077.jpg,1758086858287.jpg,https://kc.kobotoolbox.org/media/original?media_file=ebirungi%2Fattachments%2F1770cc68b2384cfdbd83f4d7eb2a8bc9%2F29937f6c-40e5-4010-8d5a-8b3c11ab1ace%2F1758086858287.jpg,1.7421288 31.8935582 1113.351 1.375,1.7421288,31.8935582,1113.351,1.375,561048621,29937f6c-40e5-4010-8d5a-8b3c11ab1ace
Masindi,Miirya,Kigulya ,Kijogoro,Kijogoro primary school ,Government,No,951,503,448,154,11,7,4,11,3,0,8,8,6,2,0,10,Yes,5,5,No,,Yes,Yes,Yes,Yes,No,119,86,5,95,1758090308511.jpg,https://kc.kobotoolbox.org/media/original?media_file=ebirungi%2Fattachments%2F1770cc68b2384cfdbd83f4d7eb2a8bc9%2F7b734ce6-90e9-4bea-8633-290c72c4cbeb%2F1758090308511.jpg,1758090656524.jpg,https://kc.kobotoolbox.org/media/original?media_file=ebirungi%2Fattachments%2F1770cc68b2384cfdbd83f4d7eb2a8bc9%2F7b734ce6-90e9-4bea-8633-290c72c4cbeb%2F1758090656524.jpg,1.7595979 31.8932823 1106.601 1.439,1.7595979,31.8932823,1106.601,1.439,561048648,7b734ce6-90e9-4bea-8633-290c72c4cbeb
Masindi,Miirya,Isimba ,Kasomoro ,"St Paul's ss , pakanyi ",Government,No,602,333,269,1,33,18,15,17,22,11,0,11,6,5,0,24,Yes,11,9,Yes,4,Yes,Yes,Yes,Yes,Yes,55,18,60,25,1758106641332.jpg,https://kc.kobotoolbox.org/media/original?media_file=ebirungi%2Fattachments%2F1770cc68b2384cfdbd83f4d7eb2a8bc9%2Fae0c2678-6119-41c9-a31a-131597ee099d%2F1758106641332.jpg,1758106682450.jpg,https://kc.kobotoolbox.org/media/original?media_file=ebirungi%2Fattachments%2F1770cc68b2384cfdbd83f4d7eb2a8bc9%2Fae0c2678-6119-41c9-a31a-131597ee099d%2F1758106682450.jpg,1.7640459 31.7847888 1122.663 1.344,1.7640459,31.7847888,1122.663,1.344,561048795,ae0c2678-6119-41c9-a31a-131597ee099d
Masindi,Miirya,Isimba ,Kyedikyo,Walyoba Brillant,Private,Yes,265,143,122,0,17,9,8,,5,4,12,10,10,0,0,14,Yes,5,7,No,,No,Yes,Yes,Yes,Yes,26,16,8,19,1758108562748.jpg,https://kc.kobotoolbox.org/media/original?media_file=ebirungi%2Fattachments%2F1770cc68b2384cfdbd83f4d7eb2a8bc9%2Fdb0becf6-a6bd-4629-a7d0-d5373c259431%2F1758108562748.jpg,1758108644240.jpg,https://kc.kobotoolbox.org/media/original?media_file=ebirungi%2Fattachments%2F1770cc68b2384cfdbd83f4d7eb2a8bc9%2Fdb0becf6-a6bd-4629-a7d0-d5373c259431%2F1758108644240.jpg,1.7583155 31.7684084 1133.089 2.482,1.7583155,31.7684084,1133.089,2.482,561048835,db0becf6-a6bd-4629-a7d0-d5373c259431
Masindi,Miirya,Bigando,Kinima,Kinima primary ,Government,Yes,554,282,272,87,9,3,6,9,2,1,6,8,8,0,0,10,Yes,5,5,No,,Yes,Yes,Yes,No,No,79,69,0,55,1758017819899.jpg,https://kc.kobotoolbox.org/media/original?media_file=ebirungi%2Fattachments%2F1770cc68b2384cfdbd83f4d7eb2a8bc9%2F6a818c7f-0c59-4763-9b6e-90c2f07cba2f%2F1758017819899.jpg,1758017893300.jpg,https://kc.kobotoolbox.org/media/original?media_file=ebirungi%2Fattachments%2F1770cc68b2384cfdbd83f4d7eb2a8bc9%2F6a818c7f-0c59-4763-9b6e-90c2f07cba2f%2F1758017893300.jpg,1.6330091 31.814766 1282.25 4.105,1.6330091,31.814766,1282.25,4.105,561048458,6a818c7f-0c59-4763-9b6e-90c2f07cba2f
Masindi,NYANTONZI,KIMANYA,KIMANYA II,KIMANYA UPPER PRIMARY SCH,Government,No,669,355,314,10,8,3,5,8,2,0,6,8,8,0,0,14,Yes,5,5,Yes,2,Yes,Yes,Yes,No,No,96,84,10,56,1758008502918.jpg,https://kc.kobotoolbox.org/media/original?media_file=ebirungi%2Fattachments%2F1770cc68b2384cfdbd83f4d7eb2a8bc9%2Fdf911723-506b-4ef4-8956-fe29027f0acb%2F1758008502918.jpg,1758008618297.jpg,https://kc.kobotoolbox.org/media/original?media_file=ebirungi%2Fattachments%2F1770cc68b2384cfdbd83f4d7eb2a8bc9%2Fdf911723-506b-4ef4-8956-fe29027f0acb%2F1758008618297.jpg,1.6059836 31.4860335 1134.018 2.143,1.6059836,31.4860335,1134.018,2.143,560375700,df911723-506b-4ef4-8956-fe29027f0acb
Masindi,NYANTONZI,NYANTONZI,SIIBA,SIIBA PRIMARY SCH,Government,No,388,207,181,128,8,4,4,8,2,0,6,3,6,0,1,13,Yes,4,5,Yes,4,Yes,Yes,Yes,No,No,55,49,30,43,1758013669025.jpg,https://kc.kobotoolbox.org/media/original?media_file=ebirungi%2Fattachments%2F1770cc68b2384cfdbd83f4d7eb2a8bc9%2Faa22c73f-1acb-4d55-a9f4-b1d29ef3c1aa%2F1758013669025.jpg,1758013721941.jpg,https://kc.kobotoolbox.org/media/original?media_file=ebirungi%2Fattachments%2F1770cc68b2384cfdbd83f4d7eb2a8bc9%2Faa22c73f-1acb-4d55-a9f4-b1d29ef3c1aa%2F1758013721941.jpg,1.6475021 31.4854859 1086.248 0.852,1.6475021,31.4854859,1086.248,0.852,560379027,aa22c73f-1acb-4d55-a9f4-b1d29ef3c1aa
Masindi,NYANTONZI,NYANTONZI,NYANTONZI ,NYANTONZI PRIMARY SCH,Government,No,736,388,348,253,9,5,4,9,2,1,6,2,7,0,1,19,Yes,9,10,No,,Yes,Yes,Yes,Yes,No,105,81,10,38,1758014864564.jpg,https://kc.kobotoolbox.org/media/original?media_file=ebirungi%2Fattachments%2F1770cc68b2384cfdbd83f4d7eb2a8bc9%2F0a533bf3-eccc-4064-bc86-ce4985e71269%2F1758014864564.jpg,1758014914820.jpg,https://kc.kobotoolbox.org/media/original?media_file=ebirungi%2Fattachments%2F1770cc68b2384cfdbd83f4d7eb2a8bc9%2F0a533bf3-eccc-4064-bc86-ce4985e71269%2F1758014914820.jpg,1.6458287 31.4795616 1083.848 0.813,1.6458287,31.4795616,1083.848,0.813,560380171,0a533bf3-eccc-4064-bc86-ce4985e71269
Masindi,NYANTONZI,NYANTONZI,NYANTONZI,BUDONGO SECONDARY SCH,Government,No,478,287,191,1,27,21,6,21,9,16,0,4,8,0,0,12,Yes,5,5,Yes,2,Yes,Yes,Yes,Yes,Yes,60,18,6,48,1758016431802.jpg,https://kc.kobotoolbox.org/media/original?media_file=ebirungi%2Fattachments%2F1770cc68b2384cfdbd83f4d7eb2a8bc9%2F9bf3ed5a-0f3f-46df-91d5-683b466d9b92%2F1758016431802.jpg,1758016484159.jpg,https://kc.kobotoolbox.org/media/original?media_file=ebirungi%2Fattachments%2F1770cc68b2384cfdbd83f4d7eb2a8bc9%2F9bf3ed5a-0f3f-46df-91d5-683b466d9b92%2F1758016484159.jpg,1.6461283 31.4786369 1097.069 2.132,1.6461283,31.4786369,1097.069,2.132,560380488,9bf3ed5a-0f3f-46df-91d5-683b466d9b92
Masindi,NYANTONZI,KASENENE,ONIENI,KASENENE PRIMARY SCH,Government,No,1436,754,682,90,10,8,2,10,3,1,6,4,11,0,0,20,Yes,9,9,Yes,2,Yes,Yes,Yes,Yes,No,131,144,5,80,1758019593101.jpg,https://kc.kobotoolbox.org/media/original?media_file=ebirungi%2Fattachments%2F1770cc68b2384cfdbd83f4d7eb2a8bc9%2F5f36550c-a043-4cfb-a5b4-7ed4449bd213%2F1758019593101.jpg,1758019683805.jpg,https://kc.kobotoolbox.org/media/original?media_file=ebirungi%2Fattachments%2F1770cc68b2384cfdbd83f4d7eb2a8bc9%2F5f36550c-a043-4cfb-a5b4-7ed4449bd213%2F1758019683805.jpg,1.6292036 31.4123268 1082.937 0.711,1.6292036,31.4123268,1082.937,0.711,560381643,5f36550c-a043-4cfb-a5b4-7ed4449bd213
Masindi,NYANTONZI,RWEMPISI,AMBAKA,RWEMPISI PRIMARY SCH,Government,No,521,295,226,46,9,6,3,7,3,1,5,7,7,0,0,5,No,,,Yes,2,Yes,Yes,Yes,No,No,75,58,10,105,1758011453487.jpg,https://kc.kobotoolbox.org/media/original?media_file=ebirungi%2Fattachments%2F1770cc68b2384cfdbd83f4d7eb2a8bc9%2F78a603b9-9f5f-4630-98e1-bd6b5e0c37e6%2F1758011453487.jpg,1758011567960.jpg,https://kc.kobotoolbox.org/media/original?media_file=ebirungi%2Fattachments%2F1770cc68b2384cfdbd83f4d7eb2a8bc9%2F78a603b9-9f5f-4630-98e1-bd6b5e0c37e6%2F1758011567960.jpg,1.6285339 31.5101672 1110.145 1.292,1.6285339,31.5101672,1110.145,1.292,560503893,78a603b9-9f5f-4630-98e1-bd6b5e0c37e6
Masindi,Pakanyi,Kyakamese,Alimugonza,St. Paul Memorial school,Private,Yes,180,100,80,1,8,6,2,,2,0,1,2,10,2,1,2,Yes,1,1,No,,No,No,Yes,No,No,18,23,7,90,1758008448317.jpg,https://kc.kobotoolbox.org/media/original?media_file=ebirungi%2Fattachments%2F1770cc68b2384cfdbd83f4d7eb2a8bc9%2F5546ed5c-b5c4-4340-8c69-bdc950bf98f5%2F1758008448317.jpg,1758007941635.jpg,https://kc.kobotoolbox.org/media/original?media_file=ebirungi%2Fattachments%2F1770cc68b2384cfdbd83f4d7eb2a8bc9%2F5546ed5c-b5c4-4340-8c69-bdc950bf98f5%2F1758007941635.jpg,1.8841144 31.7789316 1014.372 1.334,1.8841144,31.7789316,1014.372,1.334,560295122,5546ed5c-b5c4-4340-8c69-bdc950bf98f5
Masindi,Pakanyi,Kyakamese,Waiga,Waiga primary school,Government,No,1173,619,554,100,12,7,5,12,0,1,11,4,8,0,0,12,Yes,5,5,Yes,2,Yes,No,Yes,No,No,147,98,60,117,1758010400758.jpg,https://kc.kobotoolbox.org/media/original?media_file=ebirungi%2Fattachments%2F1770cc68b2384cfdbd83f4d7eb2a8bc9%2F42da5738-675e-4525-8701-c0021f79a92e%2F1758010400758.jpg,1758010492848.jpg,https://kc.kobotoolbox.org/media/original?media_file=ebirungi%2Fattachments%2F1770cc68b2384cfdbd83f4d7eb2a8bc9%2F42da5738-675e-4525-8701-c0021f79a92e%2F1758010492848.jpg,1.8276028 31.7874489 1125.03 2.771,1.8276028,31.7874489,1125.03,2.771,560295209,42da5738-675e-4525-8701-c0021f79a92e
Masindi,Pakanyi,Kyakamese,Kiyuya,Kiyuya Seed Secondary School,Government,No,1040,606,434,3,33,27,6,24,20,13,0,4,8,0,0,18,Yes,8,8,Yes,2,Yes,Yes,Yes,Yes,Yes,131,31,40,65,1758014908532.jpg,https://kc.kobotoolbox.org/media/original?media_file=ebirungi%2Fattachments%2F1770cc68b2384cfdbd83f4d7eb2a8bc9%2Fdd8b2227-78ff-4e35-9294-9eae32a357cf%2F1758014908532.jpg,1758014365916.jpg,https://kc.kobotoolbox.org/media/original?media_file=ebirungi%2Fattachments%2F1770cc68b2384cfdbd83f4d7eb2a8bc9%2Fdd8b2227-78ff-4e35-9294-9eae32a357cf%2F1758014365916.jpg,1.8208295 31.8014427 1099.006 2.481,1.8208295,31.8014427,1099.006,2.481,560295291,dd8b2227-78ff-4e35-9294-9eae32a357cf
Masindi,Pakanyi,Kyakamese,Nyakatoogo,Nyakatoogo Primary School,Government,No,218,108,110,13,9,4,5,9,2,1,6,3,9,0,0,10,Yes,5,5,No,,Yes,No,Yes,No,No,24,24,2,22,1758025811551.jpg,https://kc.kobotoolbox.org/media/original?media_file=ebirungi%2Fattachments%2F1770cc68b2384cfdbd83f4d7eb2a8bc9%2F3563f178-4bc0-4f42-a329-e61c92ccf45a%2F1758025811551.jpg,1758025979079.jpg,https://kc.kobotoolbox.org/media/original?media_file=ebirungi%2Fattachments%2F1770cc68b2384cfdbd83f4d7eb2a8bc9%2F3563f178-4bc0-4f42-a329-e61c92ccf45a%2F1758025979079.jpg,1.7740134 31.8201766 845.533 2.057,1.7740134,31.8201766,845.533,2.057,560297619,3563f178-4bc0-4f42-a329-e61c92ccf45a
Masindi,Pakanyi,Kyakamese,Pakanyi,Rutindo Primary School,Private,Yes,323,173,149,6,12,4,8,,0,1,6,3,9,0,0,17,Yes,6,7,Yes,4,No,Yes,Yes,Yes,No,36,27,10,25,1758028046733.jpg,https://kc.kobotoolbox.org/media/original?media_file=ebirungi%2Fattachments%2F1770cc68b2384cfdbd83f4d7eb2a8bc9%2F6f44246f-57c0-4487-9abf-e4392452a291%2F1758028046733.jpg,1758028102791.jpg,https://kc.kobotoolbox.org/media/original?media_file=ebirungi%2Fattachments%2F1770cc68b2384cfdbd83f4d7eb2a8bc9%2F6f44246f-57c0-4487-9abf-e4392452a291%2F1758028102791.jpg,1.7645657 31.7864105 1097.019 1.563,1.7645657,31.7864105,1097.019,1.563,560297659,6f44246f-57c0-4487-9abf-e4392452a291
Masindi,Pakanyi,Kyakamese,Alimugonza,Alimugonza Primary School,Government,No,1109,578,531,171,13,11,2,13,6,2,5,3,9,0,0,9,Yes,4,5,Yes,2,Yes,Yes,Yes,No,No,123,85,60,123,1758005948099.jpg,https://kc.kobotoolbox.org/media/original?media_file=ebirungi%2Fattachments%2F1770cc68b2384cfdbd83f4d7eb2a8bc9%2F5e837391-afdb-445d-9de9-fc4c8007c60e%2F1758005948099.jpg,1758006055130.jpg,https://kc.kobotoolbox.org/media/original?media_file=ebirungi%2Fattachments%2F1770cc68b2384cfdbd83f4d7eb2a8bc9%2F5e837391-afdb-445d-9de9-fc4c8007c60e%2F1758006055130.jpg,1.8841619 31.7770978 1037.366 4.515,1.8841619,31.7770978,1037.366,4.515,560297828,5e837391-afdb-445d-9de9-fc4c8007c60e
Masindi,Pakanyi,Kyakamese,Kiyuya,Kiyuya Primary School,Government,Yes,533,273,260,52,10,7,3,10,6,1,3,8,8,0,0,12,Yes,5,5,Yes,2,Yes,Yes,Yes,Yes,No,53,59,2,53,1758089745748.jpg,https://kc.kobotoolbox.org/media/original?media_file=ebirungi%2Fattachments%2F1770cc68b2384cfdbd83f4d7eb2a8bc9%2F92cd0952-dd0b-4043-b328-f3311229a7be%2F1758089745748.jpg,1758089813311.jpg,https://kc.kobotoolbox.org/media/original?media_file=ebirungi%2Fattachments%2F1770cc68b2384cfdbd83f4d7eb2a8bc9%2F92cd0952-dd0b-4043-b328-f3311229a7be%2F1758089813311.jpg,1.8163766 31.8051088 1104.499 1.525,1.8163766,31.8051088,1104.499,1.525,560927856,92cd0952-dd0b-4043-b328-f3311229a7be
Masindi,Pakanyi,Kyakamese,Karungi,Karungi Primary School,Government,No,557,317,240,57,9,1,8,9,5,1,3,7,7,0,0,10,Yes,5,5,No,,Yes,Yes,Yes,No,No,80,62,5,56,1758092539438.jpg,https://kc.kobotoolbox.org/media/original?media_file=ebirungi%2Fattachments%2F1770cc68b2384cfdbd83f4d7eb2a8bc9%2Fd71bb043-c638-415a-8850-4f8ff66ba805%2F1758092539438.jpg,1758091967194.jpg,https://kc.kobotoolbox.org/media/original?media_file=ebirungi%2Fattachments%2F1770cc68b2384cfdbd83f4d7eb2a8bc9%2Fd71bb043-c638-415a-8850-4f8ff66ba805%2F1758091967194.jpg,1.8151431 31.7732778 1215.134 2.852,1.8151431,31.7732778,1215.134,2.852,560927901,d71bb043-c638-415a-8850-4f8ff66ba805
Masindi,Pakanyi,Kyakamese,Katumba,Katumba Lutheran Primary School,Private,Yes,100,48,52,1,9,6,3,,0,,1,9,9,0,0,10,Yes,4,6,Yes,2,Yes,Yes,,No,No,11,11,1,10,1758096664628.jpg,https://kc.kobotoolbox.org/media/original?media_file=ebirungi%2Fattachments%2F1770cc68b2384cfdbd83f4d7eb2a8bc9%2F6cb548fd-6c5a-4f1c-b450-a67bad312064%2F1758096664628.jpg,1758096735341.jpg,https://kc.kobotoolbox.org/media/original?media_file=ebirungi%2Fattachments%2F1770cc68b2384cfdbd83f4d7eb2a8bc9%2F6cb548fd-6c5a-4f1c-b450-a67bad312064%2F1758096735341.jpg,1.7837402 31.808798 1083.957 3.152,1.7837402,31.808798,1083.957,3.152,560927935,6cb548fd-6c5a-4f1c-b450-a67bad312064
Masindi,Pakanyi,Kyatiri west,Kisekulu 1,St Mary's kyatiri primary school ,Government,No,1388,701,687,88,20,7,13,20,9,1,10,10,10,3,0,14,Yes,6,8,No,,Yes,Yes,Yes,Yes,No,139,69,46,99,1758093535021.jpg,https://kc.kobotoolbox.org/media/original?media_file=ebirungi%2Fattachments%2F1770cc68b2384cfdbd83f4d7eb2a8bc9%2F211a809b-622f-48ab-aaca-287f094989d5%2F1758093535021.jpg,1758093561054.jpg,https://kc.kobotoolbox.org/media/original?media_file=ebirungi%2Fattachments%2F1770cc68b2384cfdbd83f4d7eb2a8bc9%2F211a809b-622f-48ab-aaca-287f094989d5%2F1758093561054.jpg,1.7925136 31.8827124 1115.011 4.355,1.7925136,31.8827124,1115.011,4.355,561048666,211a809b-622f-48ab-aaca-287f094989d5
