district,county,subcounty,year,level,ownership,value
Masindi,Bujenje,Bikonzi,2014,Nursery,Government,0
Masindi,Bujenje,Bikonzi,2014,Nursery,Private,0
Masindi,Bujenje,Bikonzi,2014,Primary,Government,0
Masindi,Bujenje,Bikonzi,2014,Primary,Private,0
Masindi,Bujenje,Bikonzi,2014,Secondary,Government,1
Masindi,Bujenje,Bikonzi,2014,Secondary,Private,0
Masindi,Bujenje,Bikonzi,2014,Tertiary,Government,0
Masindi,Bujenje,Bikonzi,2014,Tertiary,Private,0
Masindi,Bujenje,Kabango Town Council,2014,Nursery,Government,0
Masindi,Bujenje,Kabango Town Council,2014,Nursery,Private,0
Masindi,Bujenje,Kabango Town Council,2014,Primary,Government,0
Masindi,Bujenje,Kabango Town Council,2014,Primary,Private,0
Masindi,Bujenje,Kabango Town Council,2014,Secondary,Government,0
Masindi,Bujenje,Kabango Town Council,2014,Secondary,Private,0
Masindi,Bujenje,Kabango Town Council,2014,Tertiary,Government,0
Masindi,Bujenje,Kabango Town Council,2014,Tertiary,Private,1
Masindi,Buruli,Kijunjubwa,2014,Nursery,Government,0
Masindi,Buruli,Kijunjubwa,2014,Nursery,Private,0
Masindi,Buruli,Kijunjubwa,2014,Primary,Government,0
Masindi,Buruli,Kijunjubwa,2014,Primary,Private,0
Masindi,Buruli,Kijunjubwa,2014,Secondary,Government,0
Masindi,Buruli,Kijunjubwa,2014,Secondary,Private,0
Masindi,Buruli,Kijunjubwa,2014,Tertiary,Government,0
Masindi,Buruli,Kijunjubwa,2014,Tertiary,Private,0
Masindi,Buruli,Kimengo,2014,Nursery,Government,0
Masindi,Buruli,Kimengo,2014,Nursery,Private,0
Masindi,Buruli,Kimengo,2014,Primary,Government,4
Masindi,Buruli,Kimengo,2014,Primary,Private,0
Masindi,Buruli,Kimengo,2014,Secondary,Government,0
Masindi,Buruli,Kimengo,2014,Secondary,Private,0
Masindi,Buruli,Kimengo,2014,Tertiary,Government,0
Masindi,Buruli,Kimengo,2014,Tertiary,Private,0
Masindi,Buruli,Kiruli,2014,Nursery,Government,0
Masindi,Buruli,Kiruli,2014,Nursery,Private,0
Masindi,Buruli,Kiruli,2014,Primary,Government,0
Masindi,Buruli,Kiruli,2014,Primary,Private,0
Masindi,Buruli,Kiruli,2014,Secondary,Government,0
Masindi,Buruli,Kiruli,2014,Secondary,Private,0
Masindi,Buruli,Kiruli,2014,Tertiary,Government,0
Masindi,Buruli,Kiruli,2014,Tertiary,Private,0
Masindi,Buruli,Kyatiri Town Council,2014,Nursery,Government,0
Masindi,Buruli,Kyatiri Town Council,2014,Nursery,Private,0
Masindi,Buruli,Kyatiri Town Council,2014,Primary,Government,0
Masindi,Buruli,Kyatiri Town Council,2014,Primary,Private,0
Masindi,Buruli,Kyatiri Town Council,2014,Secondary,Government,0
Masindi,Buruli,Kyatiri Town Council,2014,Secondary,Private,0
Masindi,Buruli,Kyatiri Town Council,2014,Tertiary,Government,0
Masindi,Buruli,Kyatiri Town Council,2014,Tertiary,Private,0
Masindi,Buruli,Labongo,2014,Nursery,Government,0
Masindi,Buruli,Labongo,2014,Nursery,Private,0
Masindi,Buruli,Labongo,2014,Primary,Government,0
Masindi,Buruli,Labongo,2014,Primary,Private,0
Masindi,Buruli,Labongo,2014,Secondary,Government,0
Masindi,Buruli,Labongo,2014,Secondary,Private,0
Masindi,Buruli,Labongo,2014,Tertiary,Government,0
Masindi,Buruli,Labongo,2014,Tertiary,Private,0
Masindi,Bujenje,Nyantonzi,2014,Nursery,Government,0
Masindi,Bujenje,Nyantonzi,2014,Nursery,Private,0
Masindi,Bujenje,Nyantonzi,2014,Primary,Government,0
Masindi,Bujenje,Nyantonzi,2014,Primary,Private,0
Masindi,Bujenje,Nyantonzi,2014,Secondary,Government,0
Masindi,Bujenje,Nyantonzi,2014,Secondary,Private,0
Masindi,Bujenje,Nyantonzi,2014,Tertiary,Government,0
Masindi,Bujenje,Nyantonzi,2014,Tertiary,Private,0
Masindi,Buruli,Miirya,2014,Nursery,Government,0
Masindi,Buruli,Miirya,2014,Nursery,Private,0
Masindi,Buruli,Miirya,2014,Primary,Government,8
Masindi,Buruli,Miirya,2014,Primary,Private,0
Masindi,Buruli,Miirya,2014,Secondary,Government,1
Masindi,Buruli,Miirya,2014,Secondary,Private,0
Masindi,Buruli,Miirya,2014,Tertiary,Government,0
Masindi,Buruli,Miirya,2014,Tertiary,Private,0
Masindi,Buruli,Pakanyi,2014,Nursery,Government,0
Masindi,Buruli,Pakanyi,2014,Nursery,Private,0
Masindi,Buruli,Pakanyi,2014,Primary,Government,17
Masindi,Buruli,Pakanyi,2014,Primary,Private,0
Masindi,Buruli,Pakanyi,2014,Secondary,Government,1
Masindi,Buruli,Pakanyi,2014,Secondary,Private,0
Masindi,Buruli,Pakanyi,2014,Tertiary,Government,0
Masindi,Buruli,Pakanyi,2014,Tertiary,Private,0
Masindi,Bujenje,Budongo,2014,Nursery,Government,0
Masindi,Bujenje,Budongo,2014,Nursery,Private,0
Masindi,Bujenje,Budongo,2014,Primary,Government,14
Masindi,Bujenje,Budongo,2014,Primary,Private,0
Masindi,Bujenje,Budongo,2014,Secondary,Government,1
Masindi,Bujenje,Budongo,2014,Secondary,Private,0
Masindi,Bujenje,Budongo,2014,Tertiary,Government,1
Masindi,Bujenje,Budongo,2014,Tertiary,Private,0
Masindi,Bujenje,Bwijanga,2014,Nursery,Government,0
Masindi,Bujenje,Bwijanga,2014,Nursery,Private,0
Masindi,Bujenje,Bwijanga,2014,Primary,Government,25
Masindi,Bujenje,Bwijanga,2014,Primary,Private,0
Masindi,Bujenje,Bwijanga,2014,Secondary,Government,1
Masindi,Bujenje,Bwijanga,2014,Secondary,Private,0
Masindi,Bujenje,Bwijanga,2014,Tertiary,Government,0
Masindi,Bujenje,Bwijanga,2014,Tertiary,Private,0
Masindi,Masindi Municipal Council,Central Division,2014,Nursery,Government,0
Masindi,Masindi Municipal Council,Central Division,2014,Nursery,Private,0
Masindi,Masindi Municipal Council,Central Division,2014,Primary,Government,0
Masindi,Masindi Municipal Council,Central Division,2014,Primary,Private,0
Masindi,Masindi Municipal Council,Central Division,2014,Secondary,Government,0
Masindi,Masindi Municipal Council,Central Division,2014,Secondary,Private,0
Masindi,Masindi Municipal Council,Central Division,2014,Tertiary,Government,0
Masindi,Masindi Municipal Council,Central Division,2014,Tertiary,Private,2
Masindi,Masindi Municipal Council,Karujubu Division,2014,Nursery,Government,0
Masindi,Masindi Municipal Council,Karujubu Division,2014,Nursery,Private,0
Masindi,Masindi Municipal Council,Karujubu Division,2014,Primary,Government,0
Masindi,Masindi Municipal Council,Karujubu Division,2014,Primary,Private,0
Masindi,Masindi Municipal Council,Karujubu Division,2014,Secondary,Government,0
Masindi,Masindi Municipal Council,Karujubu Division,2014,Secondary,Private,0
Masindi,Masindi Municipal Council,Karujubu Division,2014,Tertiary,Government,1
Masindi,Masindi Municipal Council,Karujubu Division,2014,Tertiary,Private,0
Masindi,Masindi Municipal Council,Kigulya Division,2014,Nursery,Government,0
Masindi,Masindi Municipal Council,Kigulya Division,2014,Nursery,Private,0
Masindi,Masindi Municipal Council,Kigulya Division,2014,Primary,Government,0
Masindi,Masindi Municipal Council,Kigulya Division,2014,Primary,Private,0
Masindi,Masindi Municipal Council,Kigulya Division,2014,Secondary,Government,0
Masindi,Masindi Municipal Council,Kigulya Division,2014,Secondary,Private,0
Masindi,Masindi Municipal Council,Kigulya Division,2014,Tertiary,Government,0
Masindi,Masindi Municipal Council,Kigulya Division,2014,Tertiary,Private,0
Masindi,Masindi Municipal Council,Nyangahya Division,2014,Nursery,Government,0
Masindi,Masindi Municipal Council,Nyangahya Division,2014,Nursery,Private,0
Masindi,Masindi Municipal Council,Nyangahya Division,2014,Primary,Government,0
Masindi,Masindi Municipal Council,Nyangahya Division,2014,Primary,Private,0
Masindi,Masindi Municipal Council,Nyangahya Division,2014,Secondary,Government,0
Masindi,Masindi Municipal Council,Nyangahya Division,2014,Secondary,Private,0
Masindi,Masindi Municipal Council,Nyangahya Division,2014,Tertiary,Government,0
Masindi,Masindi Municipal Council,Nyangahya Division,2014,Tertiary,Private,0
Masindi,Bujenje,Bikonzi,2016,Nursery,Government,0
Masindi,Bujenje,Bikonzi,2016,Nursery,Private,0
Masindi,Bujenje,Bikonzi,2016,Primary,Government,0
Masindi,Bujenje,Bikonzi,2016,Primary,Private,0
Masindi,Bujenje,Bikonzi,2016,Secondary,Government,0
Masindi,Bujenje,Bikonzi,2016,Secondary,Private,0
Masindi,Bujenje,Bikonzi,2016,Tertiary,Government,0
Masindi,Bujenje,Bikonzi,2016,Tertiary,Private,0
Masindi,Bujenje,Kabango Town Council,2016,Nursery,Government,0
Masindi,Bujenje,Kabango Town Council,2016,Nursery,Private,0
Masindi,Bujenje,Kabango Town Council,2016,Primary,Government,0
Masindi,Bujenje,Kabango Town Council,2016,Primary,Private,0
Masindi,Bujenje,Kabango Town Council,2016,Secondary,Government,0
Masindi,Bujenje,Kabango Town Council,2016,Secondary,Private,0
Masindi,Bujenje,Kabango Town Council,2016,Tertiary,Government,0
Masindi,Bujenje,Kabango Town Council,2016,Tertiary,Private,1
Masindi,Buruli,Kijunjubwa,2016,Nursery,Government,0
Masindi,Buruli,Kijunjubwa,2016,Nursery,Private,0
Masindi,Buruli,Kijunjubwa,2016,Primary,Government,0
Masindi,Buruli,Kijunjubwa,2016,Primary,Private,0
Masindi,Buruli,Kijunjubwa,2016,Secondary,Government,0
Masindi,Buruli,Kijunjubwa,2016,Secondary,Private,0
Masindi,Buruli,Kijunjubwa,2016,Tertiary,Government,0
Masindi,Buruli,Kijunjubwa,2016,Tertiary,Private,0
Masindi,Buruli,Kimengo,2016,Nursery,Government,0
Masindi,Buruli,Kimengo,2016,Nursery,Private,0
Masindi,Buruli,Kimengo,2016,Primary,Government,4
Masindi,Buruli,Kimengo,2016,Primary,Private,8
Masindi,Buruli,Kimengo,2016,Secondary,Government,0
Masindi,Buruli,Kimengo,2016,Secondary,Private,1
Masindi,Buruli,Kimengo,2016,Tertiary,Government,0
Masindi,Buruli,Kimengo,2016,Tertiary,Private,0
Masindi,Buruli,Kiruli,2016,Nursery,Government,0
Masindi,Buruli,Kiruli,2016,Nursery,Private,0
Masindi,Buruli,Kiruli,2016,Primary,Government,0
Masindi,Buruli,Kiruli,2016,Primary,Private,0
Masindi,Buruli,Kiruli,2016,Secondary,Government,0
Masindi,Buruli,Kiruli,2016,Secondary,Private,0
Masindi,Buruli,Kiruli,2016,Tertiary,Government,0
Masindi,Buruli,Kiruli,2016,Tertiary,Private,0
Masindi,Buruli,Kyatiri Town Council,2016,Nursery,Government,0
Masindi,Buruli,Kyatiri Town Council,2016,Nursery,Private,0
Masindi,Buruli,Kyatiri Town Council,2016,Primary,Government,0
Masindi,Buruli,Kyatiri Town Council,2016,Primary,Private,0
Masindi,Buruli,Kyatiri Town Council,2016,Secondary,Government,0
Masindi,Buruli,Kyatiri Town Council,2016,Secondary,Private,0
Masindi,Buruli,Kyatiri Town Council,2016,Tertiary,Government,0
Masindi,Buruli,Kyatiri Town Council,2016,Tertiary,Private,0
Masindi,Buruli,Labongo,2016,Nursery,Government,0
Masindi,Buruli,Labongo,2016,Nursery,Private,0
Masindi,Buruli,Labongo,2016,Primary,Government,0
Masindi,Buruli,Labongo,2016,Primary,Private,0
Masindi,Buruli,Labongo,2016,Secondary,Government,0
Masindi,Buruli,Labongo,2016,Secondary,Private,0
Masindi,Buruli,Labongo,2016,Tertiary,Government,0
Masindi,Buruli,Labongo,2016,Tertiary,Private,0
Masindi,Bujenje,Nyantonzi,2016,Nursery,Government,0
Masindi,Bujenje,Nyantonzi,2016,Nursery,Private,0
Masindi,Bujenje,Nyantonzi,2016,Primary,Government,0
Masindi,Bujenje,Nyantonzi,2016,Primary,Private,0
Masindi,Bujenje,Nyantonzi,2016,Secondary,Government,0
Masindi,Bujenje,Nyantonzi,2016,Secondary,Private,0
Masindi,Bujenje,Nyantonzi,2016,Tertiary,Government,0
Masindi,Bujenje,Nyantonzi,2016,Tertiary,Private,0
Masindi,Buruli,Miirya,2016,Nursery,Government,0
Masindi,Buruli,Miirya,2016,Nursery,Private,0
Masindi,Buruli,Miirya,2016,Primary,Government,8
Masindi,Buruli,Miirya,2016,Primary,Private,16
Masindi,Buruli,Miirya,2016,Secondary,Government,0
Masindi,Buruli,Miirya,2016,Secondary,Private,0
Masindi,Buruli,Miirya,2016,Tertiary,Government,0
Masindi,Buruli,Miirya,2016,Tertiary,Private,0
Masindi,Buruli,Pakanyi,2016,Nursery,Government,0
Masindi,Buruli,Pakanyi,2016,Nursery,Private,0
Masindi,Buruli,Pakanyi,2016,Primary,Government,18
Masindi,Buruli,Pakanyi,2016,Primary,Private,45
Masindi,Buruli,Pakanyi,2016,Secondary,Government,2
Masindi,Buruli,Pakanyi,2016,Secondary,Private,3
Masindi,Buruli,Pakanyi,2016,Tertiary,Government,0
Masindi,Buruli,Pakanyi,2016,Tertiary,Private,0
Masindi,Bujenje,Budongo,2016,Nursery,Government,0
Masindi,Bujenje,Budongo,2016,Nursery,Private,0
Masindi,Bujenje,Budongo,2016,Primary,Government,13
Masindi,Bujenje,Budongo,2016,Primary,Private,19
Masindi,Bujenje,Budongo,2016,Secondary,Government,1
Masindi,Bujenje,Budongo,2016,Secondary,Private,2
Masindi,Bujenje,Budongo,2016,Tertiary,Government,1
Masindi,Bujenje,Budongo,2016,Tertiary,Private,0
Masindi,Bujenje,Bwijanga,2016,Nursery,Government,0
Masindi,Bujenje,Bwijanga,2016,Nursery,Private,0
Masindi,Bujenje,Bwijanga,2016,Primary,Government,26
Masindi,Bujenje,Bwijanga,2016,Primary,Private,32
Masindi,Bujenje,Bwijanga,2016,Secondary,Government,2
Masindi,Bujenje,Bwijanga,2016,Secondary,Private,2
Masindi,Bujenje,Bwijanga,2016,Tertiary,Government,0
Masindi,Bujenje,Bwijanga,2016,Tertiary,Private,0
Masindi,Masindi Municipal Council,Central Division,2016,Nursery,Government,0
Masindi,Masindi Municipal Council,Central Division,2016,Nursery,Private,0
Masindi,Masindi Municipal Council,Central Division,2016,Primary,Government,12
Masindi,Masindi Municipal Council,Central Division,2016,Primary,Private,14
Masindi,Masindi Municipal Council,Central Division,2016,Secondary,Government,0
Masindi,Masindi Municipal Council,Central Division,2016,Secondary,Private,0
Masindi,Masindi Municipal Council,Central Division,2016,Tertiary,Government,0
Masindi,Masindi Municipal Council,Central Division,2016,Tertiary,Private,2
Masindi,Masindi Municipal Council,Karujubu Division,2016,Nursery,Government,0
Masindi,Masindi Municipal Council,Karujubu Division,2016,Nursery,Private,0
Masindi,Masindi Municipal Council,Karujubu Division,2016,Primary,Government,7
Masindi,Masindi Municipal Council,Karujubu Division,2016,Primary,Private,1
Masindi,Masindi Municipal Council,Karujubu Division,2016,Secondary,Government,0
Masindi,Masindi Municipal Council,Karujubu Division,2016,Secondary,Private,0
Masindi,Masindi Municipal Council,Karujubu Division,2016,Tertiary,Government,1
Masindi,Masindi Municipal Council,Karujubu Division,2016,Tertiary,Private,0
Masindi,Masindi Municipal Council,Kigulya Division,2016,Nursery,Government,0
Masindi,Masindi Municipal Council,Kigulya Division,2016,Nursery,Private,0
Masindi,Masindi Municipal Council,Kigulya Division,2016,Primary,Government,5
Masindi,Masindi Municipal Council,Kigulya Division,2016,Primary,Private,0
Masindi,Masindi Municipal Council,Kigulya Division,2016,Secondary,Government,0
Masindi,Masindi Municipal Council,Kigulya Division,2016,Secondary,Private,0
Masindi,Masindi Municipal Council,Kigulya Division,2016,Tertiary,Government,0
Masindi,Masindi Municipal Council,Kigulya Division,2016,Tertiary,Private,0
Masindi,Masindi Municipal Council,Nyangahya Division,2016,Nursery,Government,0
Masindi,Masindi Municipal Council,Nyangahya Division,2016,Nursery,Private,0
Masindi,Masindi Municipal Council,Nyangahya Division,2016,Primary,Government,5
Masindi,Masindi Municipal Council,Nyangahya Division,2016,Primary,Private,1
Masindi,Masindi Municipal Council,Nyangahya Division,2016,Secondary,Government,0
Masindi,Masindi Municipal Council,Nyangahya Division,2016,Secondary,Private,0
Masindi,Masindi Municipal Council,Nyangahya Division,2016,Tertiary,Government,0
Masindi,Masindi Municipal Council,Nyangahya Division,2016,Tertiary,Private,0
Masindi,Bujenje,Bikonzi,2018,Nursery,Government,0
Masindi,Bujenje,Bikonzi,2018,Nursery,Private,5
Masindi,Bujenje,Bikonzi,2018,Primary,Government,0
Masindi,Bujenje,Bikonzi,2018,Primary,Private,0
Masindi,Bujenje,Bikonzi,2018,Secondary,Government,0
Masindi,Bujenje,Bikonzi,2018,Secondary,Private,0
Masindi,Bujenje,Bikonzi,2018,Tertiary,Government,0
Masindi,Bujenje,Bikonzi,2018,Tertiary,Private,0
Masindi,Bujenje,Kabango Town Council,2018,Nursery,Government,0
Masindi,Bujenje,Kabango Town Council,2018,Nursery,Private,1
Masindi,Bujenje,Kabango Town Council,2018,Primary,Government,0
Masindi,Bujenje,Kabango Town Council,2018,Primary,Private,0
Masindi,Bujenje,Kabango Town Council,2018,Secondary,Government,0
Masindi,Bujenje,Kabango Town Council,2018,Secondary,Private,0
Masindi,Bujenje,Kabango Town Council,2018,Tertiary,Government,1
Masindi,Bujenje,Kabango Town Council,2018,Tertiary,Private,0
Masindi,Buruli,Kijunjubwa,2018,Nursery,Government,0
Masindi,Buruli,Kijunjubwa,2018,Nursery,Private,4
Masindi,Buruli,Kijunjubwa,2018,Primary,Government,0
Masindi,Buruli,Kijunjubwa,2018,Primary,Private,0
Masindi,Buruli,Kijunjubwa,2018,Secondary,Government,0
Masindi,Buruli,Kijunjubwa,2018,Secondary,Private,0
Masindi,Buruli,Kijunjubwa,2018,Tertiary,Government,0
Masindi,Buruli,Kijunjubwa,2018,Tertiary,Private,0
Masindi,Buruli,Kimengo,2018,Nursery,Government,0
Masindi,Buruli,Kimengo,2018,Nursery,Private,1
Masindi,Buruli,Kimengo,2018,Primary,Government,4
Masindi,Buruli,Kimengo,2018,Primary,Private,8
Masindi,Buruli,Kimengo,2018,Secondary,Government,0
Masindi,Buruli,Kimengo,2018,Secondary,Private,1
Masindi,Buruli,Kimengo,2018,Tertiary,Government,0
Masindi,Buruli,Kimengo,2018,Tertiary,Private,0
Masindi,Buruli,Kiruli,2018,Nursery,Government,0
Masindi,Buruli,Kiruli,2018,Nursery,Private,4
Masindi,Buruli,Kiruli,2018,Primary,Government,0
Masindi,Buruli,Kiruli,2018,Primary,Private,0
Masindi,Buruli,Kiruli,2018,Secondary,Government,0
Masindi,Buruli,Kiruli,2018,Secondary,Private,0
Masindi,Buruli,Kiruli,2018,Tertiary,Government,0
Masindi,Buruli,Kiruli,2018,Tertiary,Private,0
Masindi,Buruli,Kyatiri Town Council,2018,Nursery,Government,0
Masindi,Buruli,Kyatiri Town Council,2018,Nursery,Private,3
Masindi,Buruli,Kyatiri Town Council,2018,Primary,Government,0
Masindi,Buruli,Kyatiri Town Council,2018,Primary,Private,0
Masindi,Buruli,Kyatiri Town Council,2018,Secondary,Government,0
Masindi,Buruli,Kyatiri Town Council,2018,Secondary,Private,0
Masindi,Buruli,Kyatiri Town Council,2018,Tertiary,Government,0
Masindi,Buruli,Kyatiri Town Council,2018,Tertiary,Private,0
Masindi,Buruli,Labongo,2018,Nursery,Government,0
Masindi,Buruli,Labongo,2018,Nursery,Private,9
Masindi,Buruli,Labongo,2018,Primary,Government,0
Masindi,Buruli,Labongo,2018,Primary,Private,0
Masindi,Buruli,Labongo,2018,Secondary,Government,0
Masindi,Buruli,Labongo,2018,Secondary,Private,0
Masindi,Buruli,Labongo,2018,Tertiary,Government,0
Masindi,Buruli,Labongo,2018,Tertiary,Private,0
Masindi,Bujenje,Nyantonzi,2018,Nursery,Government,0
Masindi,Bujenje,Nyantonzi,2018,Nursery,Private,7
Masindi,Bujenje,Nyantonzi,2018,Primary,Government,0
Masindi,Bujenje,Nyantonzi,2018,Primary,Private,0
Masindi,Bujenje,Nyantonzi,2018,Secondary,Government,0
Masindi,Bujenje,Nyantonzi,2018,Secondary,Private,0
Masindi,Bujenje,Nyantonzi,2018,Tertiary,Government,0
Masindi,Bujenje,Nyantonzi,2018,Tertiary,Private,0
Masindi,Buruli,Miirya,2018,Nursery,Government,0
Masindi,Buruli,Miirya,2018,Nursery,Private,8
Masindi,Buruli,Miirya,2018,Primary,Government,8
Masindi,Buruli,Miirya,2018,Primary,Private,16
Masindi,Buruli,Miirya,2018,Secondary,Government,0
Masindi,Buruli,Miirya,2018,Secondary,Private,0
Masindi,Buruli,Miirya,2018,Tertiary,Government,0
Masindi,Buruli,Miirya,2018,Tertiary,Private,0
Masindi,Buruli,Pakanyi,2018,Nursery,Government,0
Masindi,Buruli,Pakanyi,2018,Nursery,Private,15
Masindi,Buruli,Pakanyi,2018,Primary,Government,18
Masindi,Buruli,Pakanyi,2018,Primary,Private,45
Masindi,Buruli,Pakanyi,2018,Secondary,Government,2
Masindi,Buruli,Pakanyi,2018,Secondary,Private,3
Masindi,Buruli,Pakanyi,2018,Tertiary,Government,0
Masindi,Buruli,Pakanyi,2018,Tertiary,Private,0
Masindi,Bujenje,Budongo,2018,Nursery,Government,0
Masindi,Bujenje,Budongo,2018,Nursery,Private,13
Masindi,Bujenje,Budongo,2018,Primary,Government,13
Masindi,Bujenje,Budongo,2018,Primary,Private,19
Masindi,Bujenje,Budongo,2018,Secondary,Government,1
Masindi,Bujenje,Budongo,2018,Secondary,Private,2
Masindi,Bujenje,Budongo,2018,Tertiary,Government,1
Masindi,Bujenje,Budongo,2018,Tertiary,Private,0
Masindi,Bujenje,Bwijanga,2018,Nursery,Government,0
Masindi,Bujenje,Bwijanga,2018,Nursery,Private,15
Masindi,Bujenje,Bwijanga,2018,Primary,Government,26
Masindi,Bujenje,Bwijanga,2018,Primary,Private,32
Masindi,Bujenje,Bwijanga,2018,Secondary,Government,2
Masindi,Bujenje,Bwijanga,2018,Secondary,Private,2
Masindi,Bujenje,Bwijanga,2018,Tertiary,Government,0
Masindi,Bujenje,Bwijanga,2018,Tertiary,Private,0
Masindi,Masindi Municipal Council,Central Division,2018,Nursery,Government,0
Masindi,Masindi Municipal Council,Central Division,2018,Nursery,Private,0
Masindi,Masindi Municipal Council,Central Division,2018,Primary,Government,12
Masindi,Masindi Municipal Council,Central Division,2018,Primary,Private,14
Masindi,Masindi Municipal Council,Central Division,2018,Secondary,Government,0
Masindi,Masindi Municipal Council,Central Division,2018,Secondary,Private,0
Masindi,Masindi Municipal Council,Central Division,2018,Tertiary,Government,0
Masindi,Masindi Municipal Council,Central Division,2018,Tertiary,Private,2
Masindi,Masindi Municipal Council,Karujubu Division,2018,Nursery,Government,0
Masindi,Masindi Municipal Council,Karujubu Division,2018,Nursery,Private,0
Masindi,Masindi Municipal Council,Karujubu Division,2018,Primary,Government,7
Masindi,Masindi Municipal Council,Karujubu Division,2018,Primary,Private,1
Masindi,Masindi Municipal Council,Karujubu Division,2018,Secondary,Government,0
Masindi,Masindi Municipal Council,Karujubu Division,2018,Secondary,Private,0
Masindi,Masindi Municipal Council,Karujubu Division,2018,Tertiary,Government,1
Masindi,Masindi Municipal Council,Karujubu Division,2018,Tertiary,Private,0
Masindi,Masindi Municipal Council,Kigulya Division,2018,Nursery,Government,0
Masindi,Masindi Municipal Council,Kigulya Division,2018,Nursery,Private,0
Masindi,Masindi Municipal Council,Kigulya Division,2018,Primary,Government,5
Masindi,Masindi Municipal Council,Kigulya Division,2018,Primary,Private,0
Masindi,Masindi Municipal Council,Kigulya Division,2018,Secondary,Government,0
Masindi,Masindi Municipal Council,Kigulya Division,2018,Secondary,Private,0
Masindi,Masindi Municipal Council,Kigulya Division,2018,Tertiary,Government,0
Masindi,Masindi Municipal Council,Kigulya Division,2018,Tertiary,Private,0
Masindi,Masindi Municipal Council,Nyangahya Division,2018,Nursery,Government,0
Masindi,Masindi Municipal Council,Nyangahya Division,2018,Nursery,Private,0
Masindi,Masindi Municipal Council,Nyangahya Division,2018,Primary,Government,5
Masindi,Masindi Municipal Council,Nyangahya Division,2018,Primary,Private,1
Masindi,Masindi Municipal Council,Nyangahya Division,2018,Secondary,Government,0
Masindi,Masindi Municipal Council,Nyangahya Division,2018,Secondary,Private,0
Masindi,Masindi Municipal Council,Nyangahya Division,2018,Tertiary,Government,0
Masindi,Masindi Municipal Council,Nyangahya Division,2018,Tertiary,Private,0
Masindi,Bujenje,Bikonzi,2019,Nursery,Government,0
Masindi,Bujenje,Bikonzi,2019,Nursery,Private,5
Masindi,Bujenje,Bikonzi,2019,Primary,Government,11
Masindi,Bujenje,Bikonzi,2019,Primary,Private,7
Masindi,Bujenje,Bikonzi,2019,Secondary,Government,1
Masindi,Bujenje,Bikonzi,2019,Secondary,Private,1
Masindi,Bujenje,Bikonzi,2019,Tertiary,Government,0
Masindi,Bujenje,Bikonzi,2019,Tertiary,Private,0
Masindi,Bujenje,Kabango Town Council,2019,Nursery,Government,0
Masindi,Bujenje,Kabango Town Council,2019,Nursery,Private,13
Masindi,Bujenje,Budongo,2019,Primary,Government,5
Masindi,Bujenje,Budongo,2019,Primary,Private,9
Masindi,Bujenje,Budongo,2019,Secondary,Government,1
Masindi,Bujenje,Budongo,2019,Secondary,Private,0
Masindi,Bujenje,Kabango Town Council,2019,Tertiary,Government,0
Masindi,Bujenje,Kabango Town Council,2019,Tertiary,Private,1
Masindi,Buruli,Kijunjubwa,2019,Nursery,Government,0
Masindi,Buruli,Kijunjubwa,2019,Nursery,Private,1
Masindi,Bujenje,Bulima Town Council,2019,Primary,Government,2
Masindi,Bujenje,Bulima Town Council,2019,Primary,Private,3
Masindi,Bujenje,Bulima Town Council,2019,Secondary,Government,0
Masindi,Bujenje,Bulima Town Council,2019,Secondary,Private,10
Masindi,Buruli,Kijunjubwa,2019,Tertiary,Government,0
Masindi,Buruli,Kijunjubwa,2019,Tertiary,Private,0
Masindi,Buruli,Kimengo,2019,Nursery,Government,0
Masindi,Buruli,Kimengo,2019,Nursery,Private,2
Masindi,Bujenje,Bwijanga,2019,Primary,Government,12
Masindi,Bujenje,Bwijanga,2019,Primary,Private,1
Masindi,Bujenje,Bwijanga,2019,Secondary,Government,1
Masindi,Bujenje,Bwijanga,2019,Secondary,Private,0
Masindi,Buruli,Kimengo,2019,Tertiary,Government,0
Masindi,Buruli,Kimengo,2019,Tertiary,Private,0
Masindi,Buruli,Kiruli,2019,Nursery,Government,0
Masindi,Buruli,Kiruli,2019,Nursery,Private,7
Masindi,Masindi Municipal Council,Central Division,2019,Primary,Government,12
Masindi,Masindi Municipal Council,Central Division,2019,Primary,Private,0
Masindi,Masindi Municipal Council,Central Division,2019,Secondary,Government,4
Masindi,Masindi Municipal Council,Central Division,2019,Secondary,Private,2
Masindi,Buruli,Kiruli,2019,Tertiary,Government,0
Masindi,Buruli,Kiruli,2019,Tertiary,Private,0
Masindi,Buruli,Kyatiri Town Council,2019,Nursery,Government,5
Masindi,Buruli,Kyatiri Town Council,2019,Nursery,Private,2
Masindi,Bujenje,Kabango Town Council,2019,Primary,Government,2
Masindi,Bujenje,Kabango Town Council,2019,Primary,Private,7
Masindi,Bujenje,Kabango Town Council,2019,Secondary,Government,0
Masindi,Bujenje,Kabango Town Council,2019,Secondary,Private,3
Masindi,Buruli,Kyatiri Town Council,2019,Tertiary,Government,0
Masindi,Buruli,Kyatiri Town Council,2019,Tertiary,Private,0
Masindi,Buruli,Labongo,2019,Nursery,Government,12
Masindi,Buruli,Labongo,2019,Nursery,Private,3
Masindi,Masindi Municipal Council,Karujubu Division,2019,Primary,Government,8
Masindi,Masindi Municipal Council,Karujubu Division,2019,Primary,Private,1
Masindi,Masindi Municipal Council,Karujubu Division,2019,Secondary,Government,0
Masindi,Masindi Municipal Council,Karujubu Division,2019,Secondary,Private,0
Masindi,Buruli,Labongo,2019,Tertiary,Government,0
Masindi,Buruli,Labongo,2019,Tertiary,Private,0
Masindi,Bujenje,Nyantonzi,2019,Nursery,Government,4
Masindi,Bujenje,Nyantonzi,2019,Nursery,Private,0
Masindi,Masindi Municipal Council,Kigulya Division,2019,Primary,Government,4
Masindi,Masindi Municipal Council,Kigulya Division,2019,Primary,Private,0
Masindi,Masindi Municipal Council,Kigulya Division,2019,Secondary,Government,0
Masindi,Masindi Municipal Council,Kigulya Division,2019,Secondary,Private,3
Masindi,Bujenje,Nyantonzi,2019,Tertiary,Government,0
Masindi,Bujenje,Nyantonzi,2019,Tertiary,Private,0
Masindi,Buruli,Miirya,2019,Nursery,Government,2
Masindi,Buruli,Miirya,2019,Nursery,Private,3
Masindi,Buruli,Kijunjubwa,2019,Primary,Government,2
Masindi,Buruli,Kijunjubwa,2019,Primary,Private,1
Masindi,Buruli,Kijunjubwa,2019,Secondary,Government,0
Masindi,Buruli,Kijunjubwa,2019,Secondary,Private,3
Masindi,Buruli,Miirya,2019,Tertiary,Government,0
Masindi,Buruli,Miirya,2019,Tertiary,Private,0
Masindi,Buruli,Pakanyi,2019,Nursery,Government,5
Masindi,Buruli,Pakanyi,2019,Nursery,Private,6
Masindi,Buruli,Kijunjubwa Town Council,2019,Primary,Government,0
Masindi,Buruli,Kijunjubwa Town Council,2019,Primary,Private,0
Masindi,Buruli,Kijunjubwa Town Council,2019,Secondary,Government,0
Masindi,Buruli,Kijunjubwa Town Council,2019,Secondary,Private,0
Masindi,Buruli,Pakanyi,2019,Tertiary,Government,0
Masindi,Buruli,Pakanyi,2019,Tertiary,Private,0
Masindi,Bujenje,Budongo,2019,Nursery,Government,7
Masindi,Bujenje,Budongo,2019,Nursery,Private,9
Masindi,Buruli,Kimengo,2019,Primary,Government,2
Masindi,Buruli,Kimengo,2019,Primary,Private,9
Masindi,Buruli,Kimengo,2019,Secondary,Government,0
Masindi,Buruli,Kimengo,2019,Secondary,Private,6
Masindi,Bujenje,Budongo,2019,Tertiary,Government,1
Masindi,Bujenje,Budongo,2019,Tertiary,Private,0
Masindi,Bujenje,Bulima Town Council,2019,Nursery,Government,0
Masindi,Bujenje,Bulima Town Council,2019,Nursery,Private,0
Masindi,Buruli,Kiruli,2019,Primary,Government,4
Masindi,Buruli,Kiruli,2019,Primary,Private,1
Masindi,Buruli,Kiruli,2019,Secondary,Government,0
Masindi,Buruli,Kiruli,2019,Secondary,Private,4
Masindi,Bujenje,Bulima Town Council,2019,Tertiary,Government,0
Masindi,Bujenje,Bulima Town Council,2019,Tertiary,Private,0
Masindi,Bujenje,Bwijanga,2019,Nursery,Government,0
Masindi,Bujenje,Bwijanga,2019,Nursery,Private,0
Masindi,Buruli,Kyatiri Town Council,2019,Primary,Government,1
Masindi,Buruli,Kyatiri Town Council,2019,Primary,Private,1
Masindi,Buruli,Kyatiri Town Council,2019,Secondary,Government,0
Masindi,Buruli,Kyatiri Town Council,2019,Secondary,Private,14
Masindi,Bujenje,Bwijanga,2019,Tertiary,Government,0
Masindi,Bujenje,Bwijanga,2019,Tertiary,Private,0
Masindi,Buruli,Kijunjubwa Town Council,2019,Nursery,Government,0
Masindi,Buruli,Kijunjubwa Town Council,2019,Nursery,Private,2
Masindi,Buruli,Labongo,2019,Primary,Government,5
Masindi,Buruli,Labongo,2019,Primary,Private,5
Masindi,Buruli,Labongo,2019,Secondary,Government,0
Masindi,Buruli,Labongo,2019,Secondary,Private,0
Masindi,Buruli,Kijunjubwa Town Council,2019,Tertiary,Government,0
Masindi,Buruli,Kijunjubwa Town Council,2019,Tertiary,Private,0
Masindi,Masindi Municipal Council,Central Division,2019,Nursery,Government,0
Masindi,Masindi Municipal Council,Central Division,2019,Nursery,Private,0
Masindi,Buruli,Miirya,2019,Primary,Government,8
Masindi,Buruli,Miirya,2019,Primary,Private,4
Masindi,Buruli,Miirya,2019,Secondary,Government,1
Masindi,Buruli,Miirya,2019,Secondary,Private,5
Masindi,Masindi Municipal Council,Central Division,2019,Tertiary,Government,0
Masindi,Masindi Municipal Council,Central Division,2019,Tertiary,Private,2
Masindi,Masindi Municipal Council,Karujubu Division,2019,Nursery,Government,0
Masindi,Masindi Municipal Council,Karujubu Division,2019,Nursery,Private,0
Masindi,Masindi Municipal Council,Nyangahya Division,2019,Primary,Government,5
Masindi,Masindi Municipal Council,Nyangahya Division,2019,Primary,Private,1
Masindi,Masindi Municipal Council,Nyangahya Division,2019,Secondary,Government,1
Masindi,Masindi Municipal Council,Nyangahya Division,2019,Secondary,Private,0
Masindi,Masindi Municipal Council,Karujubu Division,2019,Tertiary,Government,1
Masindi,Masindi Municipal Council,Karujubu Division,2019,Tertiary,Private,0
Masindi,Masindi Municipal Council,Kigulya Division,2019,Nursery,Government,2
Masindi,Masindi Municipal Council,Kigulya Division,2019,Nursery,Private,0
Masindi,Masindi Municipal Council,Nyangahya Division,2019,Primary,Private,0
Masindi,Bujenje,Nyantonzi,2019,Secondary,Government,1
Masindi,Bujenje,Nyantonzi,2019,Secondary,Private,0
Masindi,Masindi Municipal Council,Kigulya Division,2019,Tertiary,Government,0
Masindi,Masindi Municipal Council,Kigulya Division,2019,Tertiary,Private,0
Masindi,Masindi Municipal Council,Nyangahya Division,2019,Nursery,Government,0
Masindi,Masindi Municipal Council,Nyangahya Division,2019,Nursery,Private,0
Masindi,Bujenje,Nyantonzi,2019,Primary,Government,7
Masindi,Bujenje,Nyantonzi,2019,Primary,Private,5
Masindi,Buruli,Pakanyi,2019,Secondary,Government,1
Masindi,Buruli,Pakanyi,2019,Secondary,Private,0
Masindi,Buruli,Pakanyi,2019,Primary,Government,8
Masindi,Buruli,Pakanyi,2019,Primary,Private,3
Masindi,Bujenje,Bikonzi,2020,Nursery,Government,0
Masindi,Bujenje,Bikonzi,2020,Nursery,Private,5
Masindi,Bujenje,Bikonzi,2020,Primary,Government,11
Masindi,Bujenje,Bikonzi,2020,Primary,Private,7
Masindi,Bujenje,Bikonzi,2020,Secondary,Government,1
Masindi,Bujenje,Bikonzi,2020,Secondary,Private,1
Masindi,Bujenje,Bikonzi,2020,Tertiary,Government,0
Masindi,Bujenje,Bikonzi,2020,Tertiary,Private,0
Masindi,Bujenje,Kabango Town Council,2020,Nursery,Government,0
Masindi,Bujenje,Kabango Town Council,2020,Nursery,Private,13
Masindi,Bujenje,Budongo,2020,Primary,Government,5
Masindi,Bujenje,Kabango Town Council,2020,Primary,Private,7
Masindi,Bujenje,Budongo,2020,Secondary,Government,1
Masindi,Bujenje,Budongo,2020,Secondary,Private,0
Masindi,Bujenje,Kabango Town Council,2020,Tertiary,Government,0
Masindi,Bujenje,Kabango Town Council,2020,Tertiary,Private,1
Masindi,Buruli,Kijunjubwa,2020,Nursery,Government,0
Masindi,Buruli,Kijunjubwa,2020,Nursery,Private,1
Masindi,Bujenje,Bulima Town Council,2020,Primary,Government,2
Masindi,Buruli,Kijunjubwa,2020,Primary,Private,1
Masindi,Bujenje,Bulima Town Council,2020,Secondary,Government,0
Masindi,Bujenje,Bulima Town Council,2020,Secondary,Private,10
Masindi,Buruli,Kijunjubwa,2020,Tertiary,Government,0
Masindi,Buruli,Kijunjubwa,2020,Tertiary,Private,0
Masindi,Buruli,Kimengo,2020,Nursery,Government,0
Masindi,Buruli,Kimengo,2020,Nursery,Private,2
Masindi,Bujenje,Bwijanga,2020,Primary,Government,12
Masindi,Buruli,Kimengo,2020,Primary,Private,9
Masindi,Bujenje,Bwijanga,2020,Secondary,Government,1
Masindi,Bujenje,Bwijanga,2020,Secondary,Private,0
Masindi,Buruli,Kimengo,2020,Tertiary,Government,0
Masindi,Buruli,Kimengo,2020,Tertiary,Private,0
Masindi,Buruli,Kiruli,2020,Nursery,Government,0
Masindi,Buruli,Kiruli,2020,Nursery,Private,7
Masindi,Masindi Municipal Council,Central Division,2020,Primary,Government,12
Masindi,Buruli,Kiruli,2020,Primary,Private,1
Masindi,Masindi Municipal Council,Central Division,2020,Secondary,Government,4
Masindi,Masindi Municipal Council,Central Division,2020,Secondary,Private,2
Masindi,Buruli,Kiruli,2020,Tertiary,Government,0
Masindi,Buruli,Kiruli,2020,Tertiary,Private,0
Masindi,Buruli,Kyatiri Town Council,2020,Nursery,Government,5
Masindi,Buruli,Kyatiri Town Council,2020,Nursery,Private,2
Masindi,Bujenje,Kabango Town Council,2020,Primary,Government,2
Masindi,Buruli,Kyatiri Town Council,2020,Primary,Private,1
Masindi,Bujenje,Kabango Town Council,2020,Secondary,Government,0
Masindi,Bujenje,Kabango Town Council,2020,Secondary,Private,3
Masindi,Buruli,Kyatiri Town Council,2020,Tertiary,Government,0
Masindi,Buruli,Kyatiri Town Council,2020,Tertiary,Private,0
Masindi,Buruli,Labongo,2020,Nursery,Government,12
Masindi,Buruli,Labongo,2020,Nursery,Private,3
Masindi,Masindi Municipal Council,Karujubu Division,2020,Primary,Government,8
Masindi,Buruli,Labongo,2020,Primary,Private,5
Masindi,Masindi Municipal Council,Karujubu Division,2020,Secondary,Government,0
Masindi,Masindi Municipal Council,Karujubu Division,2020,Secondary,Private,0
Masindi,Buruli,Labongo,2020,Tertiary,Government,0
Masindi,Buruli,Labongo,2020,Tertiary,Private,0
Masindi,Bujenje,Nyantonzi,2020,Nursery,Government,4
Masindi,Bujenje,Nyantonzi,2020,Nursery,Private,0
Masindi,Masindi Municipal Council,Kigulya Division,2020,Primary,Government,4
Masindi,Bujenje,Nyantonzi,2020,Primary,Private,5
Masindi,Masindi Municipal Council,Kigulya Division,2020,Secondary,Government,0
Masindi,Masindi Municipal Council,Kigulya Division,2020,Secondary,Private,3
Masindi,Bujenje,Nyantonzi,2020,Tertiary,Government,0
Masindi,Bujenje,Nyantonzi,2020,Tertiary,Private,0
Masindi,Buruli,Miirya,2020,Nursery,Government,2
Masindi,Buruli,Miirya,2020,Nursery,Private,3
Masindi,Buruli,Kijunjubwa,2020,Primary,Government,2
Masindi,Buruli,Miirya,2020,Primary,Private,4
Masindi,Buruli,Kijunjubwa,2020,Secondary,Government,0
Masindi,Buruli,Kijunjubwa,2020,Secondary,Private,3
Masindi,Buruli,Miirya,2020,Tertiary,Government,0
Masindi,Buruli,Miirya,2020,Tertiary,Private,0
Masindi,Buruli,Pakanyi,2020,Nursery,Government,5
Masindi,Buruli,Pakanyi,2020,Nursery,Private,6
Masindi,Buruli,Kijunjubwa Town Council,2020,Primary,Government,0
Masindi,Buruli,Pakanyi,2020,Primary,Private,3
Masindi,Buruli,Kijunjubwa Town Council,2020,Secondary,Government,0
Masindi,Buruli,Kijunjubwa Town Council,2020,Secondary,Private,0
Masindi,Buruli,Pakanyi,2020,Tertiary,Government,0
Masindi,Buruli,Pakanyi,2020,Tertiary,Private,0
Masindi,Bujenje,Budongo,2020,Nursery,Government,7
Masindi,Bujenje,Budongo,2020,Nursery,Private,9
Masindi,Buruli,Kimengo,2020,Primary,Government,2
Masindi,Bujenje,Budongo,2020,Primary,Private,9
Masindi,Buruli,Kimengo,2020,Secondary,Government,0
Masindi,Buruli,Kimengo,2020,Secondary,Private,6
Masindi,Bujenje,Budongo,2020,Tertiary,Government,1
Masindi,Bujenje,Budongo,2020,Tertiary,Private,0
Masindi,Bujenje,Bulima Town Council,2020,Nursery,Government,0
Masindi,Bujenje,Bulima Town Council,2020,Nursery,Private,0
Masindi,Buruli,Kiruli,2020,Primary,Government,4
Masindi,Bujenje,Bulima Town Council,2020,Primary,Private,3
Masindi,Buruli,Kiruli,2020,Secondary,Government,0
Masindi,Buruli,Kiruli,2020,Secondary,Private,4
Masindi,Bujenje,Bulima Town Council,2020,Tertiary,Government,0
Masindi,Bujenje,Bulima Town Council,2020,Tertiary,Private,0
Masindi,Bujenje,Bwijanga,2020,Nursery,Government,0
Masindi,Bujenje,Bwijanga,2020,Nursery,Private,0
Masindi,Buruli,Kyatiri Town Council,2020,Primary,Government,1
Masindi,Bujenje,Bwijanga,2020,Primary,Private,1
Masindi,Buruli,Kyatiri Town Council,2020,Secondary,Government,0
Masindi,Buruli,Kyatiri Town Council,2020,Secondary,Private,4
Masindi,Bujenje,Bwijanga,2020,Tertiary,Government,0
Masindi,Bujenje,Bwijanga,2020,Tertiary,Private,0
Masindi,Buruli,Kijunjubwa Town Council,2020,Nursery,Government,0
Masindi,Buruli,Kijunjubwa Town Council,2020,Nursery,Private,2
Masindi,Buruli,Labongo,2020,Primary,Government,5
Masindi,Buruli,Kijunjubwa Town Council,2020,Primary,Private,0
Masindi,Buruli,Labongo,2020,Secondary,Government,0
Masindi,Buruli,Labongo,2020,Secondary,Private,0
Masindi,Buruli,Kijunjubwa Town Council,2020,Tertiary,Government,0
Masindi,Buruli,Kijunjubwa Town Council,2020,Tertiary,Private,0
Masindi,Masindi Municipal Council,Central Division,2020,Nursery,Government,0
Masindi,Masindi Municipal Council,Central Division,2020,Nursery,Private,0
Masindi,Buruli,Miirya,2020,Primary,Government,8
Masindi,Masindi Municipal Council,Central Division,2020,Primary,Private,0
Masindi,Buruli,Miirya,2020,Secondary,Government,1
Masindi,Buruli,Miirya,2020,Secondary,Private,5
Masindi,Masindi Municipal Council,Central Division,2020,Tertiary,Government,0
Masindi,Masindi Municipal Council,Central Division,2020,Tertiary,Private,2
Masindi,Masindi Municipal Council,Karujubu Division,2020,Nursery,Government,0
Masindi,Masindi Municipal Council,Karujubu Division,2020,Nursery,Private,0
Masindi,Masindi Municipal Council,Nyangahya Division,2020,Primary,Government,5
Masindi,Masindi Municipal Council,Karujubu Division,2020,Primary,Private,1
Masindi,Masindi Municipal Council,Nyangahya Division,2020,Secondary,Government,1
Masindi,Masindi Municipal Council,Nyangahya Division,2020,Secondary,Private,0
Masindi,Masindi Municipal Council,Karujubu Division,2020,Tertiary,Government,1
Masindi,Masindi Municipal Council,Karujubu Division,2020,Tertiary,Private,0
Masindi,Masindi Municipal Council,Kigulya Division,2020,Nursery,Government,2
Masindi,Masindi Municipal Council,Kigulya Division,2020,Nursery,Private,0
Masindi,Bujenje,Nyantonzi,2020,Primary,Government,7
Masindi,Masindi Municipal Council,Kigulya Division,2020,Primary,Private,0
Masindi,Bujenje,Nyantonzi,2020,Secondary,Government,1
Masindi,Bujenje,Nyantonzi,2020,Secondary,Private,0
Masindi,Masindi Municipal Council,Kigulya Division,2020,Tertiary,Government,0
Masindi,Masindi Municipal Council,Kigulya Division,2020,Tertiary,Private,0
Masindi,Masindi Municipal Council,Nyangahya Division,2020,Nursery,Government,0
Masindi,Masindi Municipal Council,Nyangahya Division,2020,Nursery,Private,0
Masindi,Buruli,Pakanyi,2020,Primary,Government,8
Masindi,Masindi Municipal Council,Nyangahya Division,2020,Primary,Private,1
Masindi,Buruli,Pakanyi,2020,Secondary,Government,1
Masindi,Buruli,Pakanyi,2020,Secondary,Private,0
Masindi,Masindi Municipal Council,Nyangahya Division,2020,Tertiary,Government,0
Masindi,Masindi Municipal Council,Nyangahya Division,2020,Tertiary,Private,0
Masindi,Bujenje,Bikonzi,2021,Nursery,Government,0
Masindi,Bujenje,Bikonzi,2021,Nursery,Private,5
Masindi,Bujenje,Bikonzi,2021,Primary,Government,11
Masindi,Bujenje,Bikonzi,2021,Primary,Private,7
Masindi,Bujenje,Bikonzi,2021,Secondary,Government,1
Masindi,Bujenje,Bikonzi,2021,Secondary,Private,1
Masindi,Bujenje,Bikonzi,2021,Tertiary,Government,0
Masindi,Bujenje,Bikonzi,2021,Tertiary,Private,0
Masindi,Bujenje,Kabango Town Council,2021,Nursery,Government,0
Masindi,Bujenje,Kabango Town Council,2021,Nursery,Private,13
Masindi,Bujenje,Budongo,2021,Primary,Government,5
Masindi,Bujenje,Kabango Town Council,2021,Primary,Private,7
Masindi,Bujenje,Budongo,2021,Secondary,Government,1
Masindi,Bujenje,Budongo,2021,Secondary,Private,0
Masindi,Bujenje,Kabango Town Council,2021,Tertiary,Government,0
Masindi,Bujenje,Kabango Town Council,2021,Tertiary,Private,1
Masindi,Buruli,Kijunjubwa,2021,Nursery,Government,0
Masindi,Buruli,Kijunjubwa,2021,Nursery,Private,1
Masindi,Bujenje,Bulima Town Council,2021,Primary,Government,2
Masindi,Buruli,Kijunjubwa,2021,Primary,Private,1
Masindi,Bujenje,Bulima Town Council,2021,Secondary,Government,0
Masindi,Bujenje,Bulima Town Council,2021,Secondary,Private,10
Masindi,Buruli,Kijunjubwa,2021,Tertiary,Government,0
Masindi,Buruli,Kijunjubwa,2021,Tertiary,Private,0
Masindi,Buruli,Kimengo,2021,Nursery,Government,0
Masindi,Buruli,Kimengo,2021,Nursery,Private,2
Masindi,Bujenje,Bwijanga,2021,Primary,Government,12
Masindi,Buruli,Kimengo,2021,Primary,Private,9
Masindi,Bujenje,Bwijanga,2021,Secondary,Government,1
Masindi,Bujenje,Bwijanga,2021,Secondary,Private,0
Masindi,Buruli,Kimengo,2021,Tertiary,Government,0
Masindi,Buruli,Kimengo,2021,Tertiary,Private,0
Masindi,Buruli,Kiruli,2021,Nursery,Government,0
Masindi,Buruli,Kiruli,2021,Nursery,Private,7
Masindi,Masindi Municipal Council,Central Division,2021,Primary,Government,12
Masindi,Buruli,Kiruli,2021,Primary,Private,1
Masindi,Masindi Municipal Council,Central Division,2021,Secondary,Government,4
Masindi,Masindi Municipal Council,Central Division,2021,Secondary,Private,2
Masindi,Buruli,Kiruli,2021,Tertiary,Government,0
Masindi,Buruli,Kiruli,2021,Tertiary,Private,0
Masindi,Buruli,Kyatiri Town Council,2021,Nursery,Government,5
Masindi,Buruli,Kyatiri Town Council,2021,Nursery,Private,2
Masindi,Bujenje,Kabango Town Council,2021,Primary,Government,2
Masindi,Buruli,Kyatiri Town Council,2021,Primary,Private,1
Masindi,Bujenje,Kabango Town Council,2021,Secondary,Government,0
Masindi,Bujenje,Kabango Town Council,2021,Secondary,Private,3
Masindi,Buruli,Kyatiri Town Council,2021,Tertiary,Government,0
Masindi,Buruli,Kyatiri Town Council,2021,Tertiary,Private,0
Masindi,Buruli,Labongo,2021,Nursery,Government,12
Masindi,Buruli,Labongo,2021,Nursery,Private,3
Masindi,Masindi Municipal Council,Karujubu Division,2021,Primary,Government,8
Masindi,Buruli,Labongo,2021,Primary,Private,5
Masindi,Masindi Municipal Council,Karujubu Division,2021,Secondary,Government,0
Masindi,Masindi Municipal Council,Karujubu Division,2021,Secondary,Private,0
Masindi,Buruli,Labongo,2021,Tertiary,Government,0
Masindi,Buruli,Labongo,2021,Tertiary,Private,0
Masindi,Bujenje,Nyantonzi,2021,Nursery,Government,4
Masindi,Bujenje,Nyantonzi,2021,Nursery,Private,0
Masindi,Masindi Municipal Council,Kigulya Division,2021,Primary,Government,4
Masindi,Bujenje,Nyantonzi,2021,Primary,Private,5
Masindi,Masindi Municipal Council,Kigulya Division,2021,Secondary,Government,0
Masindi,Masindi Municipal Council,Kigulya Division,2021,Secondary,Private,3
Masindi,Bujenje,Nyantonzi,2021,Tertiary,Government,0
Masindi,Bujenje,Nyantonzi,2021,Tertiary,Private,0
Masindi,Buruli,Miirya,2021,Nursery,Government,2
Masindi,Buruli,Miirya,2021,Nursery,Private,3
Masindi,Buruli,Kijunjubwa,2021,Primary,Government,2
Masindi,Buruli,Miirya,2021,Primary,Private,4
Masindi,Buruli,Kijunjubwa,2021,Secondary,Government,0
Masindi,Buruli,Kijunjubwa,2021,Secondary,Private,3
Masindi,Buruli,Miirya,2021,Tertiary,Government,0
Masindi,Buruli,Miirya,2021,Tertiary,Private,0
Masindi,Buruli,Pakanyi,2021,Nursery,Government,5
Masindi,Buruli,Pakanyi,2021,Nursery,Private,6
Masindi,Buruli,Kijunjubwa Town Council,2021,Primary,Government,0
Masindi,Buruli,Pakanyi,2021,Primary,Private,3
Masindi,Buruli,Kijunjubwa Town Council,2021,Secondary,Government,0
Masindi,Buruli,Kijunjubwa Town Council,2021,Secondary,Private,0
Masindi,Buruli,Pakanyi,2021,Tertiary,Government,0
Masindi,Buruli,Pakanyi,2021,Tertiary,Private,0
Masindi,Bujenje,Budongo,2021,Nursery,Government,7
Masindi,Bujenje,Budongo,2021,Nursery,Private,9
Masindi,Buruli,Kimengo,2021,Primary,Government,2
Masindi,Bujenje,Budongo,2021,Primary,Private,9
Masindi,Buruli,Kimengo,2021,Secondary,Government,0
Masindi,Buruli,Kimengo,2021,Secondary,Private,6
Masindi,Bujenje,Budongo,2021,Tertiary,Government,1
Masindi,Bujenje,Budongo,2021,Tertiary,Private,0
Masindi,Bujenje,Bulima Town Council,2021,Nursery,Government,0
Masindi,Bujenje,Bulima Town Council,2021,Nursery,Private,0
Masindi,Buruli,Kiruli,2021,Primary,Government,4
Masindi,Bujenje,Bulima Town Council,2021,Primary,Private,3
Masindi,Buruli,Kiruli,2021,Secondary,Government,0
Masindi,Buruli,Kiruli,2021,Secondary,Private,4
Masindi,Bujenje,Bulima Town Council,2021,Tertiary,Government,0
Masindi,Bujenje,Bulima Town Council,2021,Tertiary,Private,0
Masindi,Bujenje,Bwijanga,2021,Nursery,Government,0
Masindi,Bujenje,Bwijanga,2021,Nursery,Private,0
Masindi,Buruli,Kyatiri Town Council,2021,Primary,Government,1
Masindi,Bujenje,Bwijanga,2021,Primary,Private,1
Masindi,Buruli,Kyatiri Town Council,2021,Secondary,Government,0
Masindi,Buruli,Kyatiri Town Council,2021,Secondary,Private,14
Masindi,Bujenje,Bwijanga,2021,Tertiary,Government,0
Masindi,Bujenje,Bwijanga,2021,Tertiary,Private,0
Masindi,Buruli,Kijunjubwa Town Council,2021,Nursery,Government,0
Masindi,Buruli,Kijunjubwa Town Council,2021,Nursery,Private,2
Masindi,Buruli,Labongo,2021,Primary,Government,5
Masindi,Buruli,Kijunjubwa Town Council,2021,Primary,Private,0
Masindi,Buruli,Labongo,2021,Secondary,Government,0
Masindi,Buruli,Labongo,2021,Secondary,Private,0
Masindi,Buruli,Kijunjubwa Town Council,2021,Tertiary,Government,0
Masindi,Buruli,Kijunjubwa Town Council,2021,Tertiary,Private,0
Masindi,Masindi Municipal Council,Central Division,2021,Nursery,Government,0
Masindi,Masindi Municipal Council,Central Division,2021,Nursery,Private,0
Masindi,Buruli,Miirya,2021,Primary,Government,8
Masindi,Masindi Municipal Council,Central Division,2021,Primary,Private,0
Masindi,Buruli,Miirya,2021,Secondary,Government,1
Masindi,Buruli,Miirya,2021,Secondary,Private,5
Masindi,Masindi Municipal Council,Central Division,2021,Tertiary,Government,0
Masindi,Masindi Municipal Council,Central Division,2021,Tertiary,Private,2
Masindi,Masindi Municipal Council,Karujubu Division,2021,Nursery,Government,0
Masindi,Masindi Municipal Council,Karujubu Division,2021,Nursery,Private,0
Masindi,Masindi Municipal Council,Nyangahya Division,2021,Primary,Government,5
Masindi,Masindi Municipal Council,Karujubu Division,2021,Primary,Private,1
Masindi,Masindi Municipal Council,Nyangahya Division,2021,Secondary,Government,1
Masindi,Masindi Municipal Council,Nyangahya Division,2021,Secondary,Private,0
Masindi,Masindi Municipal Council,Karujubu Division,2021,Tertiary,Government,1
Masindi,Masindi Municipal Council,Karujubu Division,2021,Tertiary,Private,0
Masindi,Masindi Municipal Council,Kigulya Division,2021,Nursery,Government,2
Masindi,Masindi Municipal Council,Kigulya Division,2021,Nursery,Private,0
Masindi,Bujenje,Nyantonzi,2021,Primary,Government,7
Masindi,Masindi Municipal Council,Kigulya Division,2021,Primary,Private,0
Masindi,Bujenje,Nyantonzi,2021,Secondary,Government,1
Masindi,Bujenje,Nyantonzi,2021,Secondary,Private,0
Masindi,Masindi Municipal Council,Kigulya Division,2021,Tertiary,Government,0
Masindi,Masindi Municipal Council,Kigulya Division,2021,Tertiary,Private,0
Masindi,Masindi Municipal Council,Nyangahya Division,2021,Nursery,Government,0
Masindi,Masindi Municipal Council,Nyangahya Division,2021,Nursery,Private,0
Masindi,Buruli,Pakanyi,2021,Primary,Government,8
Masindi,Masindi Municipal Council,Nyangahya Division,2021,Primary,Private,1
Masindi,Buruli,Pakanyi,2021,Secondary,Government,1
Masindi,Buruli,Pakanyi,2021,Secondary,Private,0
Masindi,Masindi Municipal Council,Nyangahya Division,2021,Tertiary,Government,0
Masindi,Masindi Municipal Council,Nyangahya Division,2021,Tertiary,Private,0
Masindi,Bujenje,Bikonzi,2022,Nursery,Government,0
Masindi,Bujenje,Bikonzi,2022,Nursery,Private,5
Masindi,Bujenje,Bikonzi,2022,Primary,Government,11
Masindi,Bujenje,Bikonzi,2022,Primary,Private,4
Masindi,Bujenje,Bikonzi,2022,Secondary,Government,1
Masindi,Bujenje,Bikonzi,2022,Secondary,Private,0
Masindi,Bujenje,Bikonzi,2022,Tertiary,Government,0
Masindi,Bujenje,Bikonzi,2022,Tertiary,Private,0
Masindi,Bujenje,Kabango Town Council,2022,Nursery,Government,0
Masindi,Bujenje,Kabango Town Council,2022,Nursery,Private,7
Masindi,Bujenje,Budongo,2022,Primary,Government,5
Masindi,Bujenje,Kabango Town Council,2022,Primary,Private,5
Masindi,Bujenje,Budongo,2022,Secondary,Government,1
Masindi,Bujenje,Budongo,2022,Secondary,Private,0
Masindi,Bujenje,Kabango Town Council,2022,Tertiary,Government,0
Masindi,Bujenje,Kabango Town Council,2022,Tertiary,Private,1
Masindi,Buruli,Kijunjubwa,2022,Nursery,Government,0
Masindi,Buruli,Kijunjubwa,2022,Nursery,Private,3
Masindi,Bujenje,Bulima Town Council,2022,Primary,Government,2
Masindi,Buruli,Kijunjubwa,2022,Primary,Private,7
Masindi,Bujenje,Bulima Town Council,2022,Secondary,Government,0
Masindi,Bujenje,Bulima Town Council,2022,Secondary,Private,0
Masindi,Buruli,Kijunjubwa,2022,Tertiary,Government,0
Masindi,Buruli,Kijunjubwa,2022,Tertiary,Private,0
Masindi,Buruli,Kimengo,2022,Nursery,Government,0
Masindi,Buruli,Kimengo,2022,Nursery,Private,13
Masindi,Bujenje,Bwijanga,2022,Primary,Government,12
Masindi,Buruli,Kimengo,2022,Primary,Private,3
Masindi,Bujenje,Bwijanga,2022,Secondary,Government,1
Masindi,Bujenje,Bwijanga,2022,Secondary,Private,1
Masindi,Buruli,Kimengo,2022,Tertiary,Government,0
Masindi,Buruli,Kimengo,2022,Tertiary,Private,0
Masindi,Buruli,Kiruli,2022,Nursery,Government,0
Masindi,Buruli,Kiruli,2022,Nursery,Private,1
Masindi,Masindi Municipal Council,Central Division,2022,Primary,Government,12
Masindi,Buruli,Kiruli,2022,Primary,Private,3
Masindi,Masindi Municipal Council,Central Division,2022,Secondary,Government,4
Masindi,Masindi Municipal Council,Central Division,2022,Secondary,Private,0
Masindi,Buruli,Kiruli,2022,Tertiary,Government,0
Masindi,Buruli,Kiruli,2022,Tertiary,Private,0
Masindi,Buruli,Kyatiri Town Council,2022,Nursery,Government,0
Masindi,Buruli,Kyatiri Town Council,2022,Nursery,Private,9
Masindi,Bujenje,Kabango Town Council,2022,Primary,Government,2
Masindi,Buruli,Kyatiri Town Council,2022,Primary,Private,6
Masindi,Bujenje,Kabango Town Council,2022,Secondary,Government,0
Masindi,Bujenje,Kabango Town Council,2022,Secondary,Private,0
Masindi,Buruli,Kyatiri Town Council,2022,Tertiary,Government,0
Masindi,Buruli,Kyatiri Town Council,2022,Tertiary,Private,0
Masindi,Buruli,Labongo,2022,Nursery,Government,0
Masindi,Buruli,Labongo,2022,Nursery,Private,1
Masindi,Masindi Municipal Council,Karujubu Division,2022,Primary,Government,8
Masindi,Buruli,Labongo,2022,Primary,Private,2
Masindi,Masindi Municipal Council,Karujubu Division,2022,Secondary,Government,0
Masindi,Masindi Municipal Council,Karujubu Division,2022,Secondary,Private,1
Masindi,Buruli,Labongo,2022,Tertiary,Government,0
Masindi,Buruli,Labongo,2022,Tertiary,Private,0
Masindi,Bujenje,Nyantonzi,2022,Nursery,Government,6
Masindi,Bujenje,Nyantonzi,2022,Nursery,Private,14
Masindi,Masindi Municipal Council,Kigulya Division,2022,Primary,Government,4
Masindi,Bujenje,Nyantonzi,2022,Primary,Private,3
Masindi,Masindi Municipal Council,Kigulya Division,2022,Secondary,Government,0
Masindi,Masindi Municipal Council,Kigulya Division,2022,Secondary,Private,0
Masindi,Bujenje,Nyantonzi,2022,Tertiary,Government,0
Masindi,Bujenje,Nyantonzi,2022,Tertiary,Private,0
Masindi,Buruli,Miirya,2022,Nursery,Government,4
Masindi,Buruli,Miirya,2022,Nursery,Private,0
Masindi,Buruli,Kijunjubwa,2022,Primary,Government,2
Masindi,Buruli,Miirya,2022,Primary,Private,5
Masindi,Buruli,Kijunjubwa,2022,Secondary,Government,0
Masindi,Buruli,Kijunjubwa,2022,Secondary,Private,1
Masindi,Buruli,Miirya,2022,Tertiary,Government,0
Masindi,Buruli,Miirya,2022,Tertiary,Private,0
Masindi,Buruli,Pakanyi,2022,Nursery,Government,2
Masindi,Buruli,Pakanyi,2022,Nursery,Private,3
Masindi,Buruli,Kijunjubwa Town Council,2022,Primary,Government,0
Masindi,Buruli,Pakanyi,2022,Primary,Private,4
Masindi,Buruli,Kijunjubwa Town Council,2022,Secondary,Government,0
Masindi,Buruli,Kijunjubwa Town Council,2022,Secondary,Private,0
Masindi,Buruli,Pakanyi,2022,Tertiary,Government,0
Masindi,Buruli,Pakanyi,2022,Tertiary,Private,0
Masindi,Bujenje,Budongo,2022,Nursery,Government,5
Masindi,Bujenje,Budongo,2022,Nursery,Private,6
Masindi,Buruli,Kimengo,2022,Primary,Government,2
Masindi,Bujenje,Budongo,2022,Primary,Private,3
Masindi,Buruli,Kimengo,2022,Secondary,Government,0
Masindi,Buruli,Kimengo,2022,Secondary,Private,1
Masindi,Bujenje,Budongo,2022,Tertiary,Government,1
Masindi,Bujenje,Budongo,2022,Tertiary,Private,0
Masindi,Bujenje,Bulima Town Council,2022,Nursery,Government,8
Masindi,Bujenje,Bulima Town Council,2022,Nursery,Private,9
Masindi,Buruli,Kiruli,2022,Primary,Government,4
Masindi,Bujenje,Bulima Town Council,2022,Primary,Private,1
Masindi,Buruli,Kiruli,2022,Secondary,Government,0
Masindi,Buruli,Kiruli,2022,Secondary,Private,2
Masindi,Bujenje,Bulima Town Council,2022,Tertiary,Government,0
Masindi,Bujenje,Bulima Town Council,2022,Tertiary,Private,0
Masindi,Bujenje,Bwijanga,2022,Nursery,Government,1
Masindi,Bujenje,Bwijanga,2022,Nursery,Private,3
Masindi,Buruli,Kyatiri Town Council,2022,Primary,Government,1
Masindi,Bujenje,Bwijanga,2022,Primary,Private,10
Masindi,Buruli,Kyatiri Town Council,2022,Secondary,Government,0
Masindi,Buruli,Kyatiri Town Council,2022,Secondary,Private,7
Masindi,Bujenje,Bwijanga,2022,Tertiary,Government,0
Masindi,Bujenje,Bwijanga,2022,Tertiary,Private,0
Masindi,Buruli,Kijunjubwa Town Council,2022,Nursery,Government,0
Masindi,Buruli,Kijunjubwa Town Council,2022,Nursery,Private,0
Masindi,Buruli,Labongo,2022,Primary,Government,5
Masindi,Buruli,Kijunjubwa Town Council,2022,Primary,Private,2
Masindi,Buruli,Labongo,2022,Secondary,Government,0
Masindi,Buruli,Labongo,2022,Secondary,Private,1
Masindi,Buruli,Kijunjubwa Town Council,2022,Tertiary,Government,0
Masindi,Buruli,Kijunjubwa Town Council,2022,Tertiary,Private,0
Masindi,Masindi Municipal Council,Central Division,2022,Nursery,Government,0
Masindi,Masindi Municipal Council,Central Division,2022,Nursery,Private,0
Masindi,Buruli,Miirya,2022,Primary,Government,8
Masindi,Masindi Municipal Council,Central Division,2022,Primary,Private,0
Masindi,Buruli,Miirya,2022,Secondary,Government,1
Masindi,Buruli,Miirya,2022,Secondary,Private,0
Masindi,Masindi Municipal Council,Central Division,2022,Tertiary,Government,0
Masindi,Masindi Municipal Council,Central Division,2022,Tertiary,Private,2
Masindi,Masindi Municipal Council,Karujubu Division,2022,Nursery,Government,0
Masindi,Masindi Municipal Council,Karujubu Division,2022,Nursery,Private,0
Masindi,Masindi Municipal Council,Nyangahya Division,2022,Primary,Government,5
Masindi,Masindi Municipal Council,Karujubu Division,2022,Primary,Private,0
Masindi,Masindi Municipal Council,Nyangahya Division,2022,Secondary,Government,1
Masindi,Masindi Municipal Council,Nyangahya Division,2022,Secondary,Private,0
Masindi,Masindi Municipal Council,Karujubu Division,2022,Tertiary,Government,1
Masindi,Masindi Municipal Council,Karujubu Division,2022,Tertiary,Private,0
Masindi,Masindi Municipal Council,Kigulya Division,2022,Nursery,Government,0
Masindi,Masindi Municipal Council,Kigulya Division,2022,Nursery,Private,1
Masindi,Bujenje,Nyantonzi,2022,Primary,Government,7
Masindi,Masindi Municipal Council,Kigulya Division,2022,Primary,Private,0
Masindi,Bujenje,Nyantonzi,2022,Secondary,Government,1
Masindi,Bujenje,Nyantonzi,2022,Secondary,Private,0
Masindi,Masindi Municipal Council,Kigulya Division,2022,Tertiary,Government,0
Masindi,Masindi Municipal Council,Kigulya Division,2022,Tertiary,Private,0
Masindi,Masindi Municipal Council,Nyangahya Division,2022,Nursery,Government,0
Masindi,Masindi Municipal Council,Nyangahya Division,2022,Nursery,Private,0
Masindi,Buruli,Pakanyi,2022,Primary,Government,8
Masindi,Masindi Municipal Council,Nyangahya Division,2022,Primary,Private,3
Masindi,Buruli,Pakanyi,2022,Secondary,Government,1
Masindi,Buruli,Pakanyi,2022,Secondary,Private,5
Masindi,Masindi Municipal Council,Nyangahya Division,2022,Tertiary,Government,0
Masindi,Masindi Municipal Council,Nyangahya Division,2022,Tertiary,Private,0
Masindi,Bujenje,Bikonzi,2023,Nursery,Government,0
Masindi,Bujenje,Bikonzi,2023,Nursery,Private,5
Masindi,Bujenje,Bikonzi,2023,Primary,Government,11
Masindi,Bujenje,Bikonzi,2023,Primary,Private,4
Masindi,Bujenje,Bikonzi,2023,Secondary,Government,1
Masindi,Bujenje,Bikonzi,2023,Secondary,Private,0
Masindi,Bujenje,Bikonzi,2023,Tertiary,Government,0
Masindi,Bujenje,Bikonzi,2023,Tertiary,Private,0
Masindi,Bujenje,Kabango Town Council,2023,Nursery,Government,0
Masindi,Bujenje,Budongo,2023,Nursery,Private,7
Masindi,Bujenje,Budongo,2023,Primary,Government,5
Masindi,Bujenje,Budongo,2023,Primary,Private,2
Masindi,Bujenje,Budongo,2023,Secondary,Government,1
Masindi,Bujenje,Budongo,2023,Secondary,Private,2
Masindi,Bujenje,Budongo,2023,Tertiary,Government,1
Masindi,Bujenje,Budongo,2023,Tertiary,Private,0
Masindi,Buruli,Kijunjubwa,2023,Nursery,Government,0
Masindi,Bujenje,Bulima Town Council,2023,Nursery,Private,1
Masindi,Bujenje,Bulima Town Council,2023,Primary,Government,2
Masindi,Bujenje,Bulima Town Council,2023,Primary,Private,1
Masindi,Bujenje,Bulima Town Council,2023,Secondary,Government,0
Masindi,Bujenje,Bulima Town Council,2023,Secondary,Private,0
Masindi,Bujenje,Bulima Town Council,2023,Tertiary,Government,0
Masindi,Bujenje,Bulima Town Council,2023,Tertiary,Private,0
Masindi,Buruli,Kimengo,2023,Nursery,Government,0
Masindi,Bujenje,Bwijanga,2023,Nursery,Private,13
Masindi,Bujenje,Bwijanga,2023,Primary,Government,12
Masindi,Bujenje,Bwijanga,2023,Primary,Private,15
Masindi,Bujenje,Bwijanga,2023,Secondary,Government,1
Masindi,Bujenje,Bwijanga,2023,Secondary,Private,3
Masindi,Bujenje,Bwijanga,2023,Tertiary,Government,0
Masindi,Bujenje,Bwijanga,2023,Tertiary,Private,0
Masindi,Buruli,Kiruli,2023,Nursery,Government,0
Masindi,Masindi Municipal Council,Central Division,2023,Nursery,Private,0
Masindi,Masindi Municipal Council,Central Division,2023,Primary,Government,12
Masindi,Masindi Municipal Council,Central Division,2023,Primary,Private,3
Masindi,Masindi Municipal Council,Central Division,2023,Secondary,Government,4
Masindi,Masindi Municipal Council,Central Division,2023,Secondary,Private,10
Masindi,Masindi Municipal Council,Central Division,2023,Tertiary,Government,0
Masindi,Masindi Municipal Council,Central Division,2023,Tertiary,Private,2
Masindi,Buruli,Kyatiri Town Council,2023,Nursery,Government,0
Masindi,Bujenje,Kabango Town Council,2023,Nursery,Private,7
Masindi,Bujenje,Kabango Town Council,2023,Primary,Government,2
Masindi,Bujenje,Kabango Town Council,2023,Primary,Private,5
Masindi,Bujenje,Kabango Town Council,2023,Secondary,Government,0
Masindi,Bujenje,Kabango Town Council,2023,Secondary,Private,0
Masindi,Bujenje,Kabango Town Council,2023,Tertiary,Government,0
Masindi,Bujenje,Kabango Town Council,2023,Tertiary,Private,1
Masindi,Buruli,Labongo,2023,Nursery,Government,0
Masindi,Masindi Municipal Council,Karujubu Division,2023,Nursery,Private,0
Masindi,Masindi Municipal Council,Karujubu Division,2023,Primary,Government,8
Masindi,Masindi Municipal Council,Karujubu Division,2023,Primary,Private,0
Masindi,Masindi Municipal Council,Karujubu Division,2023,Secondary,Government,0
Masindi,Masindi Municipal Council,Karujubu Division,2023,Secondary,Private,1
Masindi,Masindi Municipal Council,Karujubu Division,2023,Tertiary,Government,1
Masindi,Masindi Municipal Council,Karujubu Division,2023,Tertiary,Private,0
Masindi,Bujenje,Nyantonzi,2023,Nursery,Government,0
Masindi,Masindi Municipal Council,Kigulya Division,2023,Nursery,Private,3
Masindi,Masindi Municipal Council,Kigulya Division,2023,Primary,Government,4
Masindi,Masindi Municipal Council,Kigulya Division,2023,Primary,Private,0
Masindi,Masindi Municipal Council,Kigulya Division,2023,Secondary,Government,0
Masindi,Masindi Municipal Council,Kigulya Division,2023,Secondary,Private,0
Masindi,Masindi Municipal Council,Kigulya Division,2023,Tertiary,Government,0
Masindi,Masindi Municipal Council,Kigulya Division,2023,Tertiary,Private,0
Masindi,Buruli,Miirya,2023,Nursery,Government,0
Masindi,Buruli,Kijunjubwa,2023,Nursery,Private,3
Masindi,Buruli,Kijunjubwa,2023,Primary,Government,2
Masindi,Buruli,Kijunjubwa,2023,Primary,Private,5
Masindi,Buruli,Kijunjubwa,2023,Secondary,Government,0
Masindi,Buruli,Kijunjubwa,2023,Secondary,Private,1
Masindi,Buruli,Kijunjubwa,2023,Tertiary,Government,0
Masindi,Buruli,Kijunjubwa,2023,Tertiary,Private,0
Masindi,Buruli,Pakanyi,2023,Nursery,Government,0
Masindi,Buruli,Kijunjubwa Town Council,2023,Nursery,Private,1
Masindi,Buruli,Kijunjubwa Town Council,2023,Primary,Government,0
Masindi,Buruli,Kijunjubwa Town Council,2023,Primary,Private,0
Masindi,Buruli,Kijunjubwa Town Council,2023,Secondary,Government,0
Masindi,Buruli,Kijunjubwa Town Council,2023,Secondary,Private,0
Masindi,Buruli,Kijunjubwa Town Council,2023,Tertiary,Government,0
Masindi,Buruli,Kijunjubwa Town Council,2023,Tertiary,Private,0
Masindi,Bujenje,Budongo,2023,Nursery,Government,0
Masindi,Buruli,Kimengo,2023,Nursery,Private,1
Masindi,Buruli,Kimengo,2023,Primary,Government,2
Masindi,Buruli,Kimengo,2023,Primary,Private,3
Masindi,Buruli,Kimengo,2023,Secondary,Government,0
Masindi,Buruli,Kimengo,2023,Secondary,Private,0
Masindi,Buruli,Kimengo,2023,Tertiary,Government,0
Masindi,Buruli,Kimengo,2023,Tertiary,Private,0
Masindi,Bujenje,Bulima Town Council,2023,Nursery,Government,0
Masindi,Buruli,Kiruli,2023,Nursery,Private,3
Masindi,Buruli,Kiruli,2023,Primary,Government,4
Masindi,Buruli,Kiruli,2023,Primary,Private,4
Masindi,Buruli,Kiruli,2023,Secondary,Government,0
Masindi,Buruli,Kiruli,2023,Secondary,Private,0
Masindi,Buruli,Kiruli,2023,Tertiary,Government,0
Masindi,Buruli,Kiruli,2023,Tertiary,Private,0
Masindi,Bujenje,Bwijanga,2023,Nursery,Government,0
Masindi,Buruli,Kyatiri Town Council,2023,Nursery,Private,2
Masindi,Buruli,Kyatiri Town Council,2023,Primary,Government,1
Masindi,Buruli,Kyatiri Town Council,2023,Primary,Private,5
Masindi,Buruli,Kyatiri Town Council,2023,Secondary,Government,0
Masindi,Buruli,Kyatiri Town Council,2023,Secondary,Private,2
Masindi,Buruli,Kyatiri Town Council,2023,Tertiary,Government,0
Masindi,Buruli,Kyatiri Town Council,2023,Tertiary,Private,0
Masindi,Buruli,Kijunjubwa Town Council,2023,Nursery,Government,0
Masindi,Buruli,Labongo,2023,Nursery,Private,9
Masindi,Buruli,Labongo,2023,Primary,Government,5
Masindi,Buruli,Labongo,2023,Primary,Private,6
Masindi,Buruli,Labongo,2023,Secondary,Government,0
Masindi,Buruli,Labongo,2023,Secondary,Private,0
Masindi,Buruli,Labongo,2023,Tertiary,Government,0
Masindi,Buruli,Labongo,2023,Tertiary,Private,0
Masindi,Masindi Municipal Council,Central Division,2023,Nursery,Government,0
Masindi,Buruli,Miirya,2023,Nursery,Private,6
Masindi,Buruli,Miirya,2023,Primary,Government,8
Masindi,Buruli,Miirya,2023,Primary,Private,3
Masindi,Buruli,Miirya,2023,Secondary,Government,1
Masindi,Buruli,Miirya,2023,Secondary,Private,1
Masindi,Buruli,Miirya,2023,Tertiary,Government,0
Masindi,Buruli,Miirya,2023,Tertiary,Private,0
Masindi,Masindi Municipal Council,Karujubu Division,2023,Nursery,Government,0
Masindi,Masindi Municipal Council,Nyangahya Division,2023,Nursery,Private,0
Masindi,Masindi Municipal Council,Nyangahya Division,2023,Primary,Government,5
Masindi,Masindi Municipal Council,Nyangahya Division,2023,Primary,Private,1
Masindi,Masindi Municipal Council,Nyangahya Division,2023,Secondary,Government,1
Masindi,Masindi Municipal Council,Nyangahya Division,2023,Secondary,Private,0
Masindi,Masindi Municipal Council,Nyangahya Division,2023,Tertiary,Government,0
Masindi,Masindi Municipal Council,Nyangahya Division,2023,Tertiary,Private,0
Masindi,Masindi Municipal Council,Kigulya Division,2023,Nursery,Government,0
Masindi,Bujenje,Nyantonzi,2023,Nursery,Private,7
Masindi,Bujenje,Nyantonzi,2023,Primary,Government,7
Masindi,Bujenje,Nyantonzi,2023,Primary,Private,10
Masindi,Bujenje,Nyantonzi,2023,Secondary,Government,1
Masindi,Bujenje,Nyantonzi,2023,Secondary,Private,0
Masindi,Bujenje,Nyantonzi,2023,Tertiary,Government,0
Masindi,Bujenje,Nyantonzi,2023,Tertiary,Private,0
Masindi,Masindi Municipal Council,Nyangahya Division,2023,Nursery,Government,0
Masindi,Buruli,Pakanyi,2023,Nursery,Private,1
Masindi,Buruli,Pakanyi,2023,Primary,Government,8
Masindi,Buruli,Pakanyi,2023,Primary,Private,9
Masindi,Buruli,Pakanyi,2023,Secondary,Government,1
Masindi,Buruli,Pakanyi,2023,Secondary,Private,1
Masindi,Buruli,Pakanyi,2023,Tertiary,Government,0
Masindi,Buruli,Pakanyi,2023,Tertiary,Private,0
