"district","county","subcounty","year","level","ownership","value","location_code","thematic_area"
"Kayunga","Bbaale","Bbaale","2024","Primary","Government","6","D01S09","education"
"Kayunga","Bbaale","Bbaale","2024","Primary","Private","18","D01S09","education"
"Kayunga","Bbaale","Bbaale","2024","Secondary","Government","1","D01S09","education"
"Kayunga","Bbaale","Bbaale","2024","Secondary","Private","1","D01S09","education"
"Kayunga","Bbaale","Bbaale","2024","Tertiary","Government","0","D01S09","education"
"Kayunga","Bbaale","Bbaale","2024","Tertiary","Private","0","D01S09","education"
"Kayunga","Ntenjeru","Busaana","2024","Primary","Government","21","D01S08","education"
"Kayunga","Ntenjeru","Busaana","2024","Primary","Private","23","D01S08","education"
"Kayunga","Ntenjeru","Busaana","2024","Secondary","Government","1","D01S08","education"
"Kayunga","Ntenjeru","Busaana","2024","Secondary","Private","2","D01S08","education"
"Kayunga","Ntenjeru","Busaana","2024","Tertiary","Government","0","D01S08","education"
"Kayunga","Ntenjeru","Busaana","2024","Tertiary","Private","0","D01S08","education"
"Kayunga","Ntenjeru","Busaana Town Council","2024","Primary","Government","9","D01S07","education"
"Kayunga","Ntenjeru","Busaana Town Council","2024","Primary","Private","25","D01S07","education"
"Kayunga","Ntenjeru","Busaana Town Council","2024","Secondary","Government","1","D01S07","education"
"Kayunga","Ntenjeru","Busaana Town Council","2024","Secondary","Private","2","D01S07","education"
"Kayunga","Ntenjeru","Busaana Town Council","2024","Tertiary","Government","0","D01S07","education"
"Kayunga","Ntenjeru","Busaana Town Council","2024","Tertiary","Private","0","D01S07","education"
"Kayunga","Bbaale","Galiraya","2024","Primary","Government","11","D01S12","education"
"Kayunga","Bbaale","Galiraya","2024","Primary","Private","22","D01S12","education"
"Kayunga","Bbaale","Galiraya","2024","Secondary","Government","1","D01S12","education"
"Kayunga","Bbaale","Galiraya","2024","Secondary","Private","1","D01S12","education"
"Kayunga","Bbaale","Galiraya","2024","Tertiary","Government","0","D01S12","education"
"Kayunga","Bbaale","Galiraya","2024","Tertiary","Private","0","D01S12","education"
"Kayunga","Ntenjeru","Kangulumira","2024","Primary","Government","9","D01S02","education"
"Kayunga","Ntenjeru","Kangulumira","2024","Primary","Private","28","D01S02","education"
"Kayunga","Ntenjeru","Kangulumira","2024","Secondary","Government","1","D01S02","education"
"Kayunga","Ntenjeru","Kangulumira","2024","Secondary","Private","5","D01S02","education"
"Kayunga","Ntenjeru","Kangulumira","2024","Tertiary","Government","1","D01S02","education"
"Kayunga","Ntenjeru","Kangulumira","2024","Tertiary","Private","0","D01S02","education"
"Kayunga","Ntenjeru","Kangulumira Town Council","2024","Primary","Government","9","D01S01","education"
"Kayunga","Ntenjeru","Kangulumira Town Council","2024","Primary","Private","45","D01S01","education"
"Kayunga","Ntenjeru","Kangulumira Town Council","2024","Secondary","Government","1","D01S01","education"
"Kayunga","Ntenjeru","Kangulumira Town Council","2024","Secondary","Private","8","D01S01","education"
"Kayunga","Ntenjeru","Kangulumira Town Council","2024","Tertiary","Government","1","D01S01","education"
"Kayunga","Ntenjeru","Kangulumira Town Council","2024","Tertiary","Private","0","D01S01","education"
"Kayunga","Bbaale","Kayonza","2024","Primary","Government","31","D01S10","education"
"Kayunga","Bbaale","Kayonza","2024","Primary","Private","59","D01S10","education"
"Kayunga","Bbaale","Kayonza","2024","Secondary","Government","1","D01S10","education"
"Kayunga","Bbaale","Kayonza","2024","Secondary","Private","5","D01S10","education"
"Kayunga","Bbaale","Kayonza","2024","Tertiary","Government","0","D01S10","education"
"Kayunga","Bbaale","Kayonza","2024","Tertiary","Private","0","D01S10","education"
"Kayunga","Ntenjeru","Kayunga","2024","Primary","Government","19","D01S06","education"
"Kayunga","Ntenjeru","Kayunga","2024","Primary","Private","45","D01S06","education"
"Kayunga","Ntenjeru","Kayunga","2024","Secondary","Government","1","D01S06","education"
"Kayunga","Ntenjeru","Kayunga","2024","Secondary","Private","8","D01S06","education"
"Kayunga","Ntenjeru","Kayunga","2024","Tertiary","Government","0","D01S06","education"
"Kayunga","Ntenjeru","Kayunga","2024","Tertiary","Private","1","D01S06","education"
"Kayunga","Ntenjeru","Kayunga Town Council","2024","Primary","Government","7","D01S05","education"
"Kayunga","Ntenjeru","Kayunga Town Council","2024","Primary","Private","25","D01S05","education"
"Kayunga","Ntenjeru","Kayunga Town Council","2024","Secondary","Government","2","D01S05","education"
"Kayunga","Ntenjeru","Kayunga Town Council","2024","Secondary","Private","7","D01S05","education"
"Kayunga","Ntenjeru","Kayunga Town Council","2024","Tertiary","Government","0","D01S05","education"
"Kayunga","Ntenjeru","Kayunga Town Council","2024","Tertiary","Private","0","D01S05","education"
"Kayunga","Bbaale","Kitimbwa","2024","Primary","Government","18","D01S11","education"
"Kayunga","Bbaale","Kitimbwa","2024","Primary","Private","22","D01S11","education"
"Kayunga","Bbaale","Kitimbwa","2024","Secondary","Government","1","D01S11","education"
"Kayunga","Bbaale","Kitimbwa","2024","Secondary","Private","4","D01S11","education"
"Kayunga","Bbaale","Kitimbwa","2024","Tertiary","Government","0","D01S11","education"
"Kayunga","Bbaale","Kitimbwa","2024","Tertiary","Private","1","D01S11","education"
"Kayunga","Bbaale","Kitimbwa Town Council","2024","Primary","Government","8","D01S13","education"
"Kayunga","Bbaale","Kitimbwa Town Council","2024","Primary","Private","38","D01S13","education"
"Kayunga","Bbaale","Kitimbwa Town Council","2024","Secondary","Government","0","D01S13","education"
"Kayunga","Bbaale","Kitimbwa Town Council","2024","Secondary","Private","7","D01S13","education"
"Kayunga","Bbaale","Kitimbwa Town Council","2024","Tertiary","Government","0","D01S13","education"
"Kayunga","Bbaale","Kitimbwa Town Council","2024","Tertiary","Private","0","D01S13","education"
"Kayunga","Ntenjeru","Nazigo","2024","Primary","Government","15","D01S04","education"
"Kayunga","Ntenjeru","Nazigo","2024","Primary","Private","30","D01S04","education"
"Kayunga","Ntenjeru","Nazigo","2024","Secondary","Government","1","D01S04","education"
"Kayunga","Ntenjeru","Nazigo","2024","Secondary","Private","6","D01S04","education"
"Kayunga","Ntenjeru","Nazigo","2024","Tertiary","Government","0","D01S04","education"
"Kayunga","Ntenjeru","Nazigo","2024","Tertiary","Private","1","D01S04","education"
"Kayunga","Ntenjeru","Nazigo Town Council","2024","Primary","Government","4","D01S03","education"
"Kayunga","Ntenjeru","Nazigo Town Council","2024","Primary","Private","20","D01S03","education"
"Kayunga","Ntenjeru","Nazigo Town Council","2024","Secondary","Government","1","D01S03","education"
"Kayunga","Ntenjeru","Nazigo Town Council","2024","Secondary","Private","5","D01S03","education"
"Kayunga","Ntenjeru","Nazigo Town Council","2024","Tertiary","Government","0","D01S03","education"
"Kayunga","Ntenjeru","Nazigo Town Council","2024","Tertiary","Private","0","D01S03","education"
"Kayunga","Bbaale","Bbaale","2023","Primary","Government","6","D01S09","education"
"Kayunga","Bbaale","Bbaale","2023","Primary","Private","17","D01S09","education"
"Kayunga","Bbaale","Bbaale","2023","Secondary","Government","1","D01S09","education"
"Kayunga","Bbaale","Bbaale","2023","Secondary","Private","1","D01S09","education"
"Kayunga","Bbaale","Bbaale","2023","Tertiary","Government","0","D01S09","education"
"Kayunga","Bbaale","Bbaale","2023","Tertiary","Private","0","D01S09","education"
"Kayunga","Ntenjeru","Busaana","2023","Primary","Government","21","D01S08","education"
"Kayunga","Ntenjeru","Busaana","2023","Primary","Private","20","D01S08","education"
"Kayunga","Ntenjeru","Busaana","2023","Secondary","Government","1","D01S08","education"
"Kayunga","Ntenjeru","Busaana","2023","Secondary","Private","2","D01S08","education"
"Kayunga","Ntenjeru","Busaana","2023","Tertiary","Government","0","D01S08","education"
"Kayunga","Ntenjeru","Busaana","2023","Tertiary","Private","0","D01S08","education"
"Kayunga","Ntenjeru","Busaana Town Council","2023","Primary","Government","9","D01S07","education"
"Kayunga","Ntenjeru","Busaana Town Council","2023","Primary","Private","16","D01S07","education"
"Kayunga","Ntenjeru","Busaana Town Council","2023","Secondary","Government","1","D01S07","education"
"Kayunga","Ntenjeru","Busaana Town Council","2023","Secondary","Private","1","D01S07","education"
"Kayunga","Ntenjeru","Busaana Town Council","2023","Tertiary","Government","0","D01S07","education"
"Kayunga","Ntenjeru","Busaana Town Council","2023","Tertiary","Private","0","D01S07","education"
"Kayunga","Bbaale","Galiraya","2023","Primary","Government","11","D01S12","education"
"Kayunga","Bbaale","Galiraya","2023","Primary","Private","12","D01S12","education"
"Kayunga","Bbaale","Galiraya","2023","Secondary","Government","1","D01S12","education"
"Kayunga","Bbaale","Galiraya","2023","Secondary","Private","1","D01S12","education"
"Kayunga","Bbaale","Galiraya","2023","Tertiary","Government","0","D01S12","education"
"Kayunga","Bbaale","Galiraya","2023","Tertiary","Private","0","D01S12","education"
"Kayunga","Ntenjeru","Kangulumira","2023","Primary","Government","9","D01S02","education"
"Kayunga","Ntenjeru","Kangulumira","2023","Primary","Private","29","D01S02","education"
"Kayunga","Ntenjeru","Kangulumira","2023","Secondary","Government","1","D01S02","education"
"Kayunga","Ntenjeru","Kangulumira","2023","Secondary","Private","5","D01S02","education"
"Kayunga","Ntenjeru","Kangulumira","2023","Tertiary","Government","1","D01S02","education"
"Kayunga","Ntenjeru","Kangulumira","2023","Tertiary","Private","0","D01S02","education"
"Kayunga","Ntenjeru","Kangulumira Town Council","2023","Primary","Government","9","D01S01","education"
"Kayunga","Ntenjeru","Kangulumira Town Council","2023","Primary","Private","25","D01S01","education"
"Kayunga","Ntenjeru","Kangulumira Town Council","2023","Secondary","Government","1","D01S01","education"
"Kayunga","Ntenjeru","Kangulumira Town Council","2023","Secondary","Private","7","D01S01","education"
"Kayunga","Ntenjeru","Kangulumira Town Council","2023","Tertiary","Government","1","D01S01","education"
"Kayunga","Ntenjeru","Kangulumira Town Council","2023","Tertiary","Private","0","D01S01","education"
"Kayunga","Bbaale","Kayonza","2023","Primary","Government","3","D01S10","education"
"Kayunga","Bbaale","Kayonza","2023","Primary","Private","31","D01S10","education"
"Kayunga","Bbaale","Kayonza","2023","Secondary","Government","1","D01S10","education"
"Kayunga","Bbaale","Kayonza","2023","Secondary","Private","3","D01S10","education"
"Kayunga","Bbaale","Kayonza","2023","Tertiary","Government","0","D01S10","education"
"Kayunga","Bbaale","Kayonza","2023","Tertiary","Private","0","D01S10","education"
"Kayunga","Ntenjeru","Kayunga","2023","Primary","Government","19","D01S06","education"
"Kayunga","Ntenjeru","Kayunga","2023","Primary","Private","35","D01S06","education"
"Kayunga","Ntenjeru","Kayunga","2023","Secondary","Government","1","D01S06","education"
"Kayunga","Ntenjeru","Kayunga","2023","Secondary","Private","5","D01S06","education"
"Kayunga","Ntenjeru","Kayunga","2023","Tertiary","Government","0","D01S06","education"
"Kayunga","Ntenjeru","Kayunga","2023","Tertiary","Private","1","D01S06","education"
"Kayunga","Ntenjeru","Kayunga Town Council","2023","Primary","Government","7","D01S05","education"
"Kayunga","Ntenjeru","Kayunga Town Council","2023","Primary","Private","25","D01S05","education"
"Kayunga","Ntenjeru","Kayunga Town Council","2023","Secondary","Government","2","D01S05","education"
"Kayunga","Ntenjeru","Kayunga Town Council","2023","Secondary","Private","7","D01S05","education"
"Kayunga","Ntenjeru","Kayunga Town Council","2023","Tertiary","Government","0","D01S05","education"
"Kayunga","Ntenjeru","Kayunga Town Council","2023","Tertiary","Private","0","D01S05","education"
"Kayunga","Bbaale","Kitimbwa","2023","Primary","Government","18","D01S11","education"
"Kayunga","Bbaale","Kitimbwa","2023","Primary","Private","18","D01S11","education"
"Kayunga","Bbaale","Kitimbwa","2023","Secondary","Government","1","D01S11","education"
"Kayunga","Bbaale","Kitimbwa","2023","Secondary","Private","0","D01S11","education"
"Kayunga","Bbaale","Kitimbwa","2023","Tertiary","Government","0","D01S11","education"
"Kayunga","Bbaale","Kitimbwa","2023","Tertiary","Private","1","D01S11","education"
"Kayunga","Bbaale","Kitimbwa Town Council","2023","Primary","Government","8","D01S13","education"
"Kayunga","Bbaale","Kitimbwa Town Council","2023","Primary","Private","15","D01S13","education"
"Kayunga","Bbaale","Kitimbwa Town Council","2023","Secondary","Government","0","D01S13","education"
"Kayunga","Bbaale","Kitimbwa Town Council","2023","Secondary","Private","3","D01S13","education"
"Kayunga","Bbaale","Kitimbwa Town Council","2023","Tertiary","Government","0","D01S13","education"
"Kayunga","Bbaale","Kitimbwa Town Council","2023","Tertiary","Private","0","D01S13","education"
"Kayunga","Ntenjeru","Nazigo","2023","Primary","Government","15","D01S04","education"
"Kayunga","Ntenjeru","Nazigo","2023","Primary","Private","30","D01S04","education"
"Kayunga","Ntenjeru","Nazigo","2023","Secondary","Government","1","D01S04","education"
"Kayunga","Ntenjeru","Nazigo","2023","Secondary","Private","5","D01S04","education"
"Kayunga","Ntenjeru","Nazigo","2023","Tertiary","Government","0","D01S04","education"
"Kayunga","Ntenjeru","Nazigo","2023","Tertiary","Private","1","D01S04","education"
"Kayunga","Ntenjeru","Nazigo Town Council","2023","Primary","Government","4","D01S03","education"
"Kayunga","Ntenjeru","Nazigo Town Council","2023","Primary","Private","9","D01S03","education"
"Kayunga","Ntenjeru","Nazigo Town Council","2023","Secondary","Government","1","D01S03","education"
"Kayunga","Ntenjeru","Nazigo Town Council","2023","Secondary","Private","2","D01S03","education"
"Kayunga","Ntenjeru","Nazigo Town Council","2023","Tertiary","Government","0","D01S03","education"
"Kayunga","Ntenjeru","Nazigo Town Council","2023","Tertiary","Private","0","D01S03","education"
"Kayunga","Bbaale","Bbaale","2022","Primary","Government","6","D01S09","education"
"Kayunga","Bbaale","Bbaale","2022","Primary","Private","2","D01S09","education"
"Kayunga","Bbaale","Bbaale","2022","Secondary","Government","1","D01S09","education"
"Kayunga","Bbaale","Bbaale","2022","Secondary","Private","1","D01S09","education"
"Kayunga","Bbaale","Bbaale","2022","Tertiary","Government","0","D01S09","education"
"Kayunga","Bbaale","Bbaale","2022","Tertiary","Private","0","D01S09","education"
"Kayunga","Ntenjeru","Busaana","2022","Primary","Government","21","D01S08","education"
"Kayunga","Ntenjeru","Busaana","2022","Primary","Private","16","D01S08","education"
"Kayunga","Ntenjeru","Busaana","2022","Secondary","Government","1","D01S08","education"
"Kayunga","Ntenjeru","Busaana","2022","Secondary","Private","2","D01S08","education"
"Kayunga","Ntenjeru","Busaana","2022","Tertiary","Government","0","D01S08","education"
"Kayunga","Ntenjeru","Busaana","2022","Tertiary","Private","0","D01S08","education"
"Kayunga","Ntenjeru","Busaana Town Council","2022","Primary","Government","9","D01S07","education"
"Kayunga","Ntenjeru","Busaana Town Council","2022","Primary","Private","7","D01S07","education"
"Kayunga","Ntenjeru","Busaana Town Council","2022","Secondary","Government","1","D01S07","education"
"Kayunga","Ntenjeru","Busaana Town Council","2022","Secondary","Private","1","D01S07","education"
"Kayunga","Ntenjeru","Busaana Town Council","2022","Tertiary","Government","0","D01S07","education"
"Kayunga","Ntenjeru","Busaana Town Council","2022","Tertiary","Private","0","D01S07","education"
"Kayunga","Bbaale","Galiraya","2022","Primary","Government","11","D01S12","education"
"Kayunga","Bbaale","Galiraya","2022","Primary","Private","2","D01S12","education"
"Kayunga","Bbaale","Galiraya","2022","Secondary","Government","1","D01S12","education"
"Kayunga","Bbaale","Galiraya","2022","Secondary","Private","1","D01S12","education"
"Kayunga","Bbaale","Galiraya","2022","Tertiary","Government","0","D01S12","education"
"Kayunga","Bbaale","Galiraya","2022","Tertiary","Private","0","D01S12","education"
"Kayunga","Ntenjeru","Kangulumira","2022","Primary","Government","9","D01S02","education"
"Kayunga","Ntenjeru","Kangulumira","2022","Primary","Private","12","D01S02","education"
"Kayunga","Ntenjeru","Kangulumira","2022","Secondary","Government","0","D01S02","education"
"Kayunga","Ntenjeru","Kangulumira","2022","Secondary","Private","3","D01S02","education"
"Kayunga","Ntenjeru","Kangulumira","2022","Tertiary","Government","1","D01S02","education"
"Kayunga","Ntenjeru","Kangulumira","2022","Tertiary","Private","0","D01S02","education"
"Kayunga","Ntenjeru","Kangulumira Town Council","2022","Primary","Government","9","D01S01","education"
"Kayunga","Ntenjeru","Kangulumira Town Council","2022","Primary","Private","21","D01S01","education"
"Kayunga","Ntenjeru","Kangulumira Town Council","2022","Secondary","Government","1","D01S01","education"
"Kayunga","Ntenjeru","Kangulumira Town Council","2022","Secondary","Private","3","D01S01","education"
"Kayunga","Ntenjeru","Kangulumira Town Council","2022","Tertiary","Government","0","D01S01","education"
"Kayunga","Ntenjeru","Kangulumira Town Council","2022","Tertiary","Private","0","D01S01","education"
"Kayunga","Bbaale","Kayonza","2022","Primary","Government","31","D01S10","education"
"Kayunga","Bbaale","Kayonza","2022","Primary","Private","21","D01S10","education"
"Kayunga","Bbaale","Kayonza","2022","Secondary","Government","1","D01S10","education"
"Kayunga","Bbaale","Kayonza","2022","Secondary","Private","1","D01S10","education"
"Kayunga","Bbaale","Kayonza","2022","Tertiary","Government","0","D01S10","education"
"Kayunga","Bbaale","Kayonza","2022","Tertiary","Private","0","D01S10","education"
"Kayunga","Ntenjeru","Kayunga","2022","Primary","Government","19","D01S06","education"
"Kayunga","Ntenjeru","Kayunga","2022","Primary","Private","45","D01S06","education"
"Kayunga","Ntenjeru","Kayunga","2022","Secondary","Government","1","D01S06","education"
"Kayunga","Ntenjeru","Kayunga","2022","Secondary","Private","5","D01S06","education"
"Kayunga","Ntenjeru","Kayunga","2022","Tertiary","Government","0","D01S06","education"
"Kayunga","Ntenjeru","Kayunga","2022","Tertiary","Private","1","D01S06","education"
"Kayunga","Ntenjeru","Kayunga Town Council","2022","Primary","Government","7","D01S05","education"
"Kayunga","Ntenjeru","Kayunga Town Council","2022","Primary","Private","25","D01S05","education"
"Kayunga","Ntenjeru","Kayunga Town Council","2022","Secondary","Government","2","D01S05","education"
"Kayunga","Ntenjeru","Kayunga Town Council","2022","Secondary","Private","4","D01S05","education"
"Kayunga","Ntenjeru","Kayunga Town Council","2022","Tertiary","Government","0","D01S05","education"
"Kayunga","Ntenjeru","Kayunga Town Council","2022","Tertiary","Private","0","D01S05","education"
"Kayunga","Bbaale","Kitimbwa","2022","Primary","Government","18","D01S11","education"
"Kayunga","Bbaale","Kitimbwa","2022","Primary","Private","8","D01S11","education"
"Kayunga","Bbaale","Kitimbwa","2022","Secondary","Government","1","D01S11","education"
"Kayunga","Bbaale","Kitimbwa","2022","Secondary","Private","0","D01S11","education"
"Kayunga","Bbaale","Kitimbwa","2022","Tertiary","Government","0","D01S11","education"
"Kayunga","Bbaale","Kitimbwa","2022","Tertiary","Private","1","D01S11","education"
"Kayunga","Bbaale","Kitimbwa Town Council","2022","Primary","Government","8","D01S13","education"
"Kayunga","Bbaale","Kitimbwa Town Council","2022","Primary","Private","5","D01S13","education"
"Kayunga","Bbaale","Kitimbwa Town Council","2022","Secondary","Government","0","D01S13","education"
"Kayunga","Bbaale","Kitimbwa Town Council","2022","Secondary","Private","3","D01S13","education"
"Kayunga","Bbaale","Kitimbwa Town Council","2022","Tertiary","Government","0","D01S13","education"
"Kayunga","Bbaale","Kitimbwa Town Council","2022","Tertiary","Private","0","D01S13","education"
"Kayunga","Ntenjeru","Nazigo","2022","Primary","Government","15","D01S04","education"
"Kayunga","Ntenjeru","Nazigo","2022","Primary","Private","50","D01S04","education"
"Kayunga","Ntenjeru","Nazigo","2022","Secondary","Government","1","D01S04","education"
"Kayunga","Ntenjeru","Nazigo","2022","Secondary","Private","5","D01S04","education"
"Kayunga","Ntenjeru","Nazigo","2022","Tertiary","Government","0","D01S04","education"
"Kayunga","Ntenjeru","Nazigo","2022","Tertiary","Private","1","D01S04","education"
"Kayunga","Ntenjeru","Nazigo Town Council","2022","Primary","Government","4","D01S03","education"
"Kayunga","Ntenjeru","Nazigo Town Council","2022","Primary","Private","5","D01S03","education"
"Kayunga","Ntenjeru","Nazigo Town Council","2022","Secondary","Government","1","D01S03","education"
"Kayunga","Ntenjeru","Nazigo Town Council","2022","Secondary","Private","2","D01S03","education"
"Kayunga","Ntenjeru","Nazigo Town Council","2022","Tertiary","Government","0","D01S03","education"
"Kayunga","Ntenjeru","Nazigo Town Council","2022","Tertiary","Private","0","D01S03","education"
"Kayunga","Bbaale","Bbaale","2021","Primary","Government","6","D01S09","education"
"Kayunga","Bbaale","Bbaale","2021","Primary","Private","16","D01S09","education"
"Kayunga","Bbaale","Bbaale","2021","Secondary","Government","1","D01S09","education"
"Kayunga","Bbaale","Bbaale","2021","Secondary","Private","1","D01S09","education"
"Kayunga","Bbaale","Bbaale","2021","Tertiary","Government","0","D01S09","education"
"Kayunga","Bbaale","Bbaale","2021","Tertiary","Private","0","D01S09","education"
"Kayunga","Ntenjeru","Busaana","2021","Primary","Government","21","D01S08","education"
"Kayunga","Ntenjeru","Busaana","2021","Primary","Private","16","D01S08","education"
"Kayunga","Ntenjeru","Busaana","2021","Secondary","Government","1","D01S08","education"
"Kayunga","Ntenjeru","Busaana","2021","Secondary","Private","2","D01S08","education"
"Kayunga","Ntenjeru","Busaana","2021","Tertiary","Government","0","D01S08","education"
"Kayunga","Ntenjeru","Busaana","2021","Tertiary","Private","0","D01S08","education"
"Kayunga","Ntenjeru","Busaana Town Council","2021","Primary","Government","9","D01S07","education"
"Kayunga","Ntenjeru","Busaana Town Council","2021","Primary","Private","7","D01S07","education"
"Kayunga","Ntenjeru","Busaana Town Council","2021","Secondary","Government","1","D01S07","education"
"Kayunga","Ntenjeru","Busaana Town Council","2021","Secondary","Private","1","D01S07","education"
"Kayunga","Ntenjeru","Busaana Town Council","2021","Tertiary","Government","0","D01S07","education"
"Kayunga","Ntenjeru","Busaana Town Council","2021","Tertiary","Private","0","D01S07","education"
"Kayunga","Bbaale","Galiraya","2021","Primary","Government","11","D01S12","education"
"Kayunga","Bbaale","Galiraya","2021","Primary","Private","2","D01S12","education"
"Kayunga","Bbaale","Galiraya","2021","Secondary","Government","1","D01S12","education"
"Kayunga","Bbaale","Galiraya","2021","Secondary","Private","1","D01S12","education"
"Kayunga","Bbaale","Galiraya","2021","Tertiary","Government","0","D01S12","education"
"Kayunga","Bbaale","Galiraya","2021","Tertiary","Private","0","D01S12","education"
"Kayunga","Ntenjeru","Kangulumira","2021","Primary","Government","9","D01S02","education"
"Kayunga","Ntenjeru","Kangulumira","2021","Primary","Private","24","D01S02","education"
"Kayunga","Ntenjeru","Kangulumira","2021","Secondary","Government","0","D01S02","education"
"Kayunga","Ntenjeru","Kangulumira","2021","Secondary","Private","3","D01S02","education"
"Kayunga","Ntenjeru","Kangulumira","2021","Tertiary","Government","1","D01S02","education"
"Kayunga","Ntenjeru","Kangulumira","2021","Tertiary","Private","0","D01S02","education"
"Kayunga","Ntenjeru","Kangulumira Town Council","2021","Primary","Government","9","D01S01","education"
"Kayunga","Ntenjeru","Kangulumira Town Council","2021","Primary","Private","21","D01S01","education"
"Kayunga","Ntenjeru","Kangulumira Town Council","2021","Secondary","Government","1","D01S01","education"
"Kayunga","Ntenjeru","Kangulumira Town Council","2021","Secondary","Private","3","D01S01","education"
"Kayunga","Ntenjeru","Kangulumira Town Council","2021","Tertiary","Government","0","D01S01","education"
"Kayunga","Ntenjeru","Kangulumira Town Council","2021","Tertiary","Private","0","D01S01","education"
"Kayunga","Bbaale","Kayonza","2021","Primary","Government","31","D01S10","education"
"Kayunga","Bbaale","Kayonza","2021","Primary","Private","21","D01S10","education"
"Kayunga","Bbaale","Kayonza","2021","Secondary","Government","1","D01S10","education"
"Kayunga","Bbaale","Kayonza","2021","Secondary","Private","1","D01S10","education"
"Kayunga","Bbaale","Kayonza","2021","Tertiary","Government","0","D01S10","education"
"Kayunga","Bbaale","Kayonza","2021","Tertiary","Private","0","D01S10","education"
"Kayunga","Ntenjeru","Kayunga","2021","Primary","Government","19","D01S06","education"
"Kayunga","Ntenjeru","Kayunga","2021","Primary","Private","45","D01S06","education"
"Kayunga","Ntenjeru","Kayunga","2021","Secondary","Government","1","D01S06","education"
"Kayunga","Ntenjeru","Kayunga","2021","Secondary","Private","5","D01S06","education"
"Kayunga","Ntenjeru","Kayunga","2021","Tertiary","Government","0","D01S06","education"
"Kayunga","Ntenjeru","Kayunga","2021","Tertiary","Private","1","D01S06","education"
"Kayunga","Ntenjeru","Kayunga Town Council","2021","Primary","Government","7","D01S05","education"
"Kayunga","Ntenjeru","Kayunga Town Council","2021","Primary","Private","25","D01S05","education"
"Kayunga","Ntenjeru","Kayunga Town Council","2021","Secondary","Government","2","D01S05","education"
"Kayunga","Ntenjeru","Kayunga Town Council","2021","Secondary","Private","4","D01S05","education"
"Kayunga","Ntenjeru","Kayunga Town Council","2021","Tertiary","Government","0","D01S05","education"
"Kayunga","Ntenjeru","Kayunga Town Council","2021","Tertiary","Private","0","D01S05","education"
"Kayunga","Bbaale","Kitimbwa","2021","Primary","Government","18","D01S11","education"
"Kayunga","Bbaale","Kitimbwa","2021","Primary","Private","8","D01S11","education"
"Kayunga","Bbaale","Kitimbwa","2021","Secondary","Government","1","D01S11","education"
"Kayunga","Bbaale","Kitimbwa","2021","Secondary","Private","0","D01S11","education"
"Kayunga","Bbaale","Kitimbwa","2021","Tertiary","Government","0","D01S11","education"
"Kayunga","Bbaale","Kitimbwa","2021","Tertiary","Private","1","D01S11","education"
"Kayunga","Bbaale","Kitimbwa Town Council","2021","Primary","Government","8","D01S13","education"
"Kayunga","Bbaale","Kitimbwa Town Council","2021","Primary","Private","5","D01S13","education"
"Kayunga","Bbaale","Kitimbwa Town Council","2021","Secondary","Government","0","D01S13","education"
"Kayunga","Bbaale","Kitimbwa Town Council","2021","Secondary","Private","3","D01S13","education"
"Kayunga","Bbaale","Kitimbwa Town Council","2021","Tertiary","Government","0","D01S13","education"
"Kayunga","Bbaale","Kitimbwa Town Council","2021","Tertiary","Private","0","D01S13","education"
"Kayunga","Ntenjeru","Nazigo","2021","Primary","Government","15","D01S04","education"
"Kayunga","Ntenjeru","Nazigo","2021","Primary","Private","50","D01S04","education"
"Kayunga","Ntenjeru","Nazigo","2021","Secondary","Government","1","D01S04","education"
"Kayunga","Ntenjeru","Nazigo","2021","Secondary","Private","5","D01S04","education"
"Kayunga","Ntenjeru","Nazigo","2021","Tertiary","Government","0","D01S04","education"
"Kayunga","Ntenjeru","Nazigo","2021","Tertiary","Private","1","D01S04","education"
"Kayunga","Ntenjeru","Nazigo Town Council","2021","Primary","Government","4","D01S03","education"
"Kayunga","Ntenjeru","Nazigo Town Council","2021","Primary","Private","5","D01S03","education"
"Kayunga","Ntenjeru","Nazigo Town Council","2021","Secondary","Government","1","D01S03","education"
"Kayunga","Ntenjeru","Nazigo Town Council","2021","Secondary","Private","2","D01S03","education"
"Kayunga","Ntenjeru","Nazigo Town Council","2021","Tertiary","Government","0","D01S03","education"
"Kayunga","Ntenjeru","Nazigo Town Council","2021","Tertiary","Private","0","D01S03","education"
"Kayunga","Bbaale","Bbaale","2020","Primary","Government","6","D01S09","education"
"Kayunga","Bbaale","Bbaale","2020","Primary","Private","16","D01S09","education"
"Kayunga","Bbaale","Bbaale","2020","Secondary","Government","1","D01S09","education"
"Kayunga","Bbaale","Bbaale","2020","Secondary","Private","1","D01S09","education"
"Kayunga","Bbaale","Bbaale","2020","Tertiary","Government","0","D01S09","education"
"Kayunga","Bbaale","Bbaale","2020","Tertiary","Private","0","D01S09","education"
"Kayunga","Ntenjeru","Busaana","2020","Primary","Government","21","D01S08","education"
"Kayunga","Ntenjeru","Busaana","2020","Primary","Private","16","D01S08","education"
"Kayunga","Ntenjeru","Busaana","2020","Secondary","Government","1","D01S08","education"
"Kayunga","Ntenjeru","Busaana","2020","Secondary","Private","2","D01S08","education"
"Kayunga","Ntenjeru","Busaana","2020","Tertiary","Government","0","D01S08","education"
"Kayunga","Ntenjeru","Busaana","2020","Tertiary","Private","0","D01S08","education"
"Kayunga","Ntenjeru","Busaana Town Council","2020","Primary","Government","9","D01S07","education"
"Kayunga","Ntenjeru","Busaana Town Council","2020","Primary","Private","7","D01S07","education"
"Kayunga","Ntenjeru","Busaana Town Council","2020","Secondary","Government","1","D01S07","education"
"Kayunga","Ntenjeru","Busaana Town Council","2020","Secondary","Private","1","D01S07","education"
"Kayunga","Ntenjeru","Busaana Town Council","2020","Tertiary","Government","0","D01S07","education"
"Kayunga","Ntenjeru","Busaana Town Council","2020","Tertiary","Private","0","D01S07","education"
"Kayunga","Bbaale","Galiraya","2020","Primary","Government","11","D01S12","education"
"Kayunga","Bbaale","Galiraya","2020","Primary","Private","2","D01S12","education"
"Kayunga","Bbaale","Galiraya","2020","Secondary","Government","1","D01S12","education"
"Kayunga","Bbaale","Galiraya","2020","Secondary","Private","1","D01S12","education"
"Kayunga","Bbaale","Galiraya","2020","Tertiary","Government","0","D01S12","education"
"Kayunga","Bbaale","Galiraya","2020","Tertiary","Private","0","D01S12","education"
"Kayunga","Ntenjeru","Kangulumira","2020","Primary","Government","9","D01S02","education"
"Kayunga","Ntenjeru","Kangulumira","2020","Primary","Private","24","D01S02","education"
"Kayunga","Ntenjeru","Kangulumira","2020","Secondary","Government","0","D01S02","education"
"Kayunga","Ntenjeru","Kangulumira","2020","Secondary","Private","3","D01S02","education"
"Kayunga","Ntenjeru","Kangulumira","2020","Tertiary","Government","1","D01S02","education"
"Kayunga","Ntenjeru","Kangulumira","2020","Tertiary","Private","0","D01S02","education"
"Kayunga","Ntenjeru","Kangulumira Town Council","2020","Primary","Government","9","D01S01","education"
"Kayunga","Ntenjeru","Kangulumira Town Council","2020","Primary","Private","21","D01S01","education"
"Kayunga","Ntenjeru","Kangulumira Town Council","2020","Secondary","Government","1","D01S01","education"
"Kayunga","Ntenjeru","Kangulumira Town Council","2020","Secondary","Private","3","D01S01","education"
"Kayunga","Ntenjeru","Kangulumira Town Council","2020","Tertiary","Government","0","D01S01","education"
"Kayunga","Ntenjeru","Kangulumira Town Council","2020","Tertiary","Private","0","D01S01","education"
"Kayunga","Bbaale","Kayonza","2020","Primary","Government","31","D01S10","education"
"Kayunga","Bbaale","Kayonza","2020","Primary","Private","21","D01S10","education"
"Kayunga","Bbaale","Kayonza","2020","Secondary","Government","1","D01S10","education"
"Kayunga","Bbaale","Kayonza","2020","Secondary","Private","1","D01S10","education"
"Kayunga","Bbaale","Kayonza","2020","Tertiary","Government","0","D01S10","education"
"Kayunga","Bbaale","Kayonza","2020","Tertiary","Private","0","D01S10","education"
"Kayunga","Ntenjeru","Kayunga","2020","Primary","Government","19","D01S06","education"
"Kayunga","Ntenjeru","Kayunga","2020","Primary","Private","45","D01S06","education"
"Kayunga","Ntenjeru","Kayunga","2020","Secondary","Government","1","D01S06","education"
"Kayunga","Ntenjeru","Kayunga","2020","Secondary","Private","5","D01S06","education"
"Kayunga","Ntenjeru","Kayunga","2020","Tertiary","Government","0","D01S06","education"
"Kayunga","Ntenjeru","Kayunga","2020","Tertiary","Private","1","D01S06","education"
"Kayunga","Ntenjeru","Kayunga Town Council","2020","Primary","Government","7","D01S05","education"
"Kayunga","Ntenjeru","Kayunga Town Council","2020","Primary","Private","25","D01S05","education"
"Kayunga","Ntenjeru","Kayunga Town Council","2020","Secondary","Government","2","D01S05","education"
"Kayunga","Ntenjeru","Kayunga Town Council","2020","Secondary","Private","4","D01S05","education"
"Kayunga","Ntenjeru","Kayunga Town Council","2020","Tertiary","Government","0","D01S05","education"
"Kayunga","Ntenjeru","Kayunga Town Council","2020","Tertiary","Private","0","D01S05","education"
"Kayunga","Bbaale","Kitimbwa","2020","Primary","Government","18","D01S11","education"
"Kayunga","Bbaale","Kitimbwa","2020","Primary","Private","8","D01S11","education"
"Kayunga","Bbaale","Kitimbwa","2020","Secondary","Government","1","D01S11","education"
"Kayunga","Bbaale","Kitimbwa","2020","Secondary","Private","0","D01S11","education"
"Kayunga","Bbaale","Kitimbwa","2020","Tertiary","Government","0","D01S11","education"
"Kayunga","Bbaale","Kitimbwa","2020","Tertiary","Private","1","D01S11","education"
"Kayunga","Bbaale","Kitimbwa Town Council","2020","Primary","Government","8","D01S13","education"
"Kayunga","Bbaale","Kitimbwa Town Council","2020","Primary","Private","5","D01S13","education"
"Kayunga","Bbaale","Kitimbwa Town Council","2020","Secondary","Government","0","D01S13","education"
"Kayunga","Bbaale","Kitimbwa Town Council","2020","Secondary","Private","3","D01S13","education"
"Kayunga","Bbaale","Kitimbwa Town Council","2020","Tertiary","Government","0","D01S13","education"
"Kayunga","Bbaale","Kitimbwa Town Council","2020","Tertiary","Private","0","D01S13","education"
"Kayunga","Ntenjeru","Nazigo","2020","Primary","Government","15","D01S04","education"
"Kayunga","Ntenjeru","Nazigo","2020","Primary","Private","50","D01S04","education"
"Kayunga","Ntenjeru","Nazigo","2020","Secondary","Government","1","D01S04","education"
"Kayunga","Ntenjeru","Nazigo","2020","Secondary","Private","5","D01S04","education"
"Kayunga","Ntenjeru","Nazigo","2020","Tertiary","Government","0","D01S04","education"
"Kayunga","Ntenjeru","Nazigo","2020","Tertiary","Private","1","D01S04","education"
"Kayunga","Ntenjeru","Nazigo Town Council","2020","Primary","Government","4","D01S03","education"
"Kayunga","Ntenjeru","Nazigo Town Council","2020","Primary","Private","5","D01S03","education"
"Kayunga","Ntenjeru","Nazigo Town Council","2020","Secondary","Government","1","D01S03","education"
"Kayunga","Ntenjeru","Nazigo Town Council","2020","Secondary","Private","2","D01S03","education"
"Kayunga","Ntenjeru","Nazigo Town Council","2020","Tertiary","Government","0","D01S03","education"
"Kayunga","Ntenjeru","Nazigo Town Council","2020","Tertiary","Private","0","D01S03","education"
"Kayunga","Bbaale","Bbaale","2019","Primary","Government","6","D01S09","education"
"Kayunga","Bbaale","Bbaale","2019","Primary","Private","16","D01S09","education"
"Kayunga","Bbaale","Bbaale","2019","Secondary","Government","1","D01S09","education"
"Kayunga","Bbaale","Bbaale","2019","Secondary","Private","1","D01S09","education"
"Kayunga","Bbaale","Bbaale","2019","Tertiary","Government","0","D01S09","education"
"Kayunga","Bbaale","Bbaale","2019","Tertiary","Private","0","D01S09","education"
"Kayunga","Ntenjeru","Busaana","2019","Primary","Government","21","D01S08","education"
"Kayunga","Ntenjeru","Busaana","2019","Primary","Private","16","D01S08","education"
"Kayunga","Ntenjeru","Busaana","2019","Secondary","Government","1","D01S08","education"
"Kayunga","Ntenjeru","Busaana","2019","Secondary","Private","2","D01S08","education"
"Kayunga","Ntenjeru","Busaana","2019","Tertiary","Government","0","D01S08","education"
"Kayunga","Ntenjeru","Busaana","2019","Tertiary","Private","0","D01S08","education"
"Kayunga","Ntenjeru","Busaana Town Council","2019","Primary","Government","9","D01S07","education"
"Kayunga","Ntenjeru","Busaana Town Council","2019","Primary","Private","6","D01S07","education"
"Kayunga","Ntenjeru","Busaana Town Council","2019","Secondary","Government","1","D01S07","education"
"Kayunga","Ntenjeru","Busaana Town Council","2019","Secondary","Private","1","D01S07","education"
"Kayunga","Ntenjeru","Busaana Town Council","2019","Tertiary","Government","0","D01S07","education"
"Kayunga","Ntenjeru","Busaana Town Council","2019","Tertiary","Private","0","D01S07","education"
"Kayunga","Bbaale","Galiraya","2019","Primary","Government","11","D01S12","education"
"Kayunga","Bbaale","Galiraya","2019","Primary","Private","2","D01S12","education"
"Kayunga","Bbaale","Galiraya","2019","Secondary","Government","1","D01S12","education"
"Kayunga","Bbaale","Galiraya","2019","Secondary","Private","1","D01S12","education"
"Kayunga","Bbaale","Galiraya","2019","Tertiary","Government","0","D01S12","education"
"Kayunga","Bbaale","Galiraya","2019","Tertiary","Private","0","D01S12","education"
"Kayunga","Ntenjeru","Kangulumira","2019","Primary","Government","9","D01S02","education"
"Kayunga","Ntenjeru","Kangulumira","2019","Primary","Private","29","D01S02","education"
"Kayunga","Ntenjeru","Kangulumira","2019","Secondary","Government","0","D01S02","education"
"Kayunga","Ntenjeru","Kangulumira","2019","Secondary","Private","3","D01S02","education"
"Kayunga","Ntenjeru","Kangulumira","2019","Tertiary","Government","1","D01S02","education"
"Kayunga","Ntenjeru","Kangulumira","2019","Tertiary","Private","0","D01S02","education"
"Kayunga","Ntenjeru","Kangulumira Town Council","2019","Primary","Government","9","D01S01","education"
"Kayunga","Ntenjeru","Kangulumira Town Council","2019","Primary","Private","21","D01S01","education"
"Kayunga","Ntenjeru","Kangulumira Town Council","2019","Secondary","Government","1","D01S01","education"
"Kayunga","Ntenjeru","Kangulumira Town Council","2019","Secondary","Private","3","D01S01","education"
"Kayunga","Ntenjeru","Kangulumira Town Council","2019","Tertiary","Government","0","D01S01","education"
"Kayunga","Ntenjeru","Kangulumira Town Council","2019","Tertiary","Private","0","D01S01","education"
"Kayunga","Bbaale","Kayonza","2019","Primary","Government","31","D01S10","education"
"Kayunga","Bbaale","Kayonza","2019","Primary","Private","21","D01S10","education"
"Kayunga","Bbaale","Kayonza","2019","Secondary","Government","1","D01S10","education"
"Kayunga","Bbaale","Kayonza","2019","Secondary","Private","1","D01S10","education"
"Kayunga","Bbaale","Kayonza","2019","Tertiary","Government","0","D01S10","education"
"Kayunga","Bbaale","Kayonza","2019","Tertiary","Private","0","D01S10","education"
"Kayunga","Ntenjeru","Kayunga","2019","Primary","Government","19","D01S06","education"
"Kayunga","Ntenjeru","Kayunga","2019","Primary","Private","45","D01S06","education"
"Kayunga","Ntenjeru","Kayunga","2019","Secondary","Government","1","D01S06","education"
"Kayunga","Ntenjeru","Kayunga","2019","Secondary","Private","5","D01S06","education"
"Kayunga","Ntenjeru","Kayunga","2019","Tertiary","Government","0","D01S06","education"
"Kayunga","Ntenjeru","Kayunga","2019","Tertiary","Private","1","D01S06","education"
"Kayunga","Ntenjeru","Kayunga Town Council","2019","Primary","Government","7","D01S05","education"
"Kayunga","Ntenjeru","Kayunga Town Council","2019","Primary","Private","25","D01S05","education"
"Kayunga","Ntenjeru","Kayunga Town Council","2019","Secondary","Government","2","D01S05","education"
"Kayunga","Ntenjeru","Kayunga Town Council","2019","Secondary","Private","4","D01S05","education"
"Kayunga","Ntenjeru","Kayunga Town Council","2019","Tertiary","Government","0","D01S05","education"
"Kayunga","Ntenjeru","Kayunga Town Council","2019","Tertiary","Private","0","D01S05","education"
"Kayunga","Bbaale","Kitimbwa","2019","Primary","Government","18","D01S11","education"
"Kayunga","Bbaale","Kitimbwa","2019","Primary","Private","8","D01S11","education"
"Kayunga","Bbaale","Kitimbwa","2019","Secondary","Government","1","D01S11","education"
"Kayunga","Bbaale","Kitimbwa","2019","Secondary","Private","0","D01S11","education"
"Kayunga","Bbaale","Kitimbwa","2019","Tertiary","Government","0","D01S11","education"
"Kayunga","Bbaale","Kitimbwa","2019","Tertiary","Private","1","D01S11","education"
"Kayunga","Bbaale","Kitimbwa Town Council","2019","Primary","Government","8","D01S13","education"
"Kayunga","Bbaale","Kitimbwa Town Council","2019","Primary","Private","5","D01S13","education"
"Kayunga","Bbaale","Kitimbwa Town Council","2019","Secondary","Government","0","D01S13","education"
"Kayunga","Bbaale","Kitimbwa Town Council","2019","Secondary","Private","3","D01S13","education"
"Kayunga","Bbaale","Kitimbwa Town Council","2019","Tertiary","Government","0","D01S13","education"
"Kayunga","Bbaale","Kitimbwa Town Council","2019","Tertiary","Private","0","D01S13","education"
"Kayunga","Ntenjeru","Nazigo","2019","Primary","Government","15","D01S04","education"
"Kayunga","Ntenjeru","Nazigo","2019","Primary","Private","50","D01S04","education"
"Kayunga","Ntenjeru","Nazigo","2019","Secondary","Government","1","D01S04","education"
"Kayunga","Ntenjeru","Nazigo","2019","Secondary","Private","5","D01S04","education"
"Kayunga","Ntenjeru","Nazigo","2019","Tertiary","Government","0","D01S04","education"
"Kayunga","Ntenjeru","Nazigo","2019","Tertiary","Private","1","D01S04","education"
"Kayunga","Ntenjeru","Nazigo Town Council","2019","Primary","Government","4","D01S03","education"
"Kayunga","Ntenjeru","Nazigo Town Council","2019","Primary","Private","5","D01S03","education"
"Kayunga","Ntenjeru","Nazigo Town Council","2019","Secondary","Government","1","D01S03","education"
"Kayunga","Ntenjeru","Nazigo Town Council","2019","Secondary","Private","2","D01S03","education"
"Kayunga","Ntenjeru","Nazigo Town Council","2019","Tertiary","Government","0","D01S03","education"
"Kayunga","Ntenjeru","Nazigo Town Council","2019","Tertiary","Private","0","D01S03","education"
"Kayunga","Bbaale","Bbaale","2018","Primary","Government","6","D01S09","education"
"Kayunga","Bbaale","Bbaale","2018","Primary","Private","16","D01S09","education"
"Kayunga","Bbaale","Bbaale","2018","Secondary","Government","1","D01S09","education"
"Kayunga","Bbaale","Bbaale","2018","Secondary","Private","1","D01S09","education"
"Kayunga","Bbaale","Bbaale","2018","Tertiary","Government","0","D01S09","education"
"Kayunga","Bbaale","Bbaale","2018","Tertiary","Private","0","D01S09","education"
"Kayunga","Ntenjeru","Busaana","2018","Primary","Government","21","D01S08","education"
"Kayunga","Ntenjeru","Busaana","2018","Primary","Private","16","D01S08","education"
"Kayunga","Ntenjeru","Busaana","2018","Secondary","Government","1","D01S08","education"
"Kayunga","Ntenjeru","Busaana","2018","Secondary","Private","2","D01S08","education"
"Kayunga","Ntenjeru","Busaana","2018","Tertiary","Government","0","D01S08","education"
"Kayunga","Ntenjeru","Busaana","2018","Tertiary","Private","0","D01S08","education"
"Kayunga","Ntenjeru","Busaana Town Council","2018","Primary","Government","9","D01S07","education"
"Kayunga","Ntenjeru","Busaana Town Council","2018","Primary","Private","6","D01S07","education"
"Kayunga","Ntenjeru","Busaana Town Council","2018","Secondary","Government","1","D01S07","education"
"Kayunga","Ntenjeru","Busaana Town Council","2018","Secondary","Private","1","D01S07","education"
"Kayunga","Ntenjeru","Busaana Town Council","2018","Tertiary","Government","0","D01S07","education"
"Kayunga","Ntenjeru","Busaana Town Council","2018","Tertiary","Private","0","D01S07","education"
"Kayunga","Bbaale","Galiraya","2018","Primary","Government","11","D01S12","education"
"Kayunga","Bbaale","Galiraya","2018","Primary","Private","2","D01S12","education"
"Kayunga","Bbaale","Galiraya","2018","Secondary","Government","1","D01S12","education"
"Kayunga","Bbaale","Galiraya","2018","Secondary","Private","1","D01S12","education"
"Kayunga","Bbaale","Galiraya","2018","Tertiary","Government","0","D01S12","education"
"Kayunga","Bbaale","Galiraya","2018","Tertiary","Private","0","D01S12","education"
"Kayunga","Ntenjeru","Kangulumira","2018","Primary","Government","9","D01S02","education"
"Kayunga","Ntenjeru","Kangulumira","2018","Primary","Private","29","D01S02","education"
"Kayunga","Ntenjeru","Kangulumira","2018","Secondary","Government","0","D01S02","education"
"Kayunga","Ntenjeru","Kangulumira","2018","Secondary","Private","3","D01S02","education"
"Kayunga","Ntenjeru","Kangulumira","2018","Tertiary","Government","1","D01S02","education"
"Kayunga","Ntenjeru","Kangulumira","2018","Tertiary","Private","0","D01S02","education"
"Kayunga","Ntenjeru","Kangulumira Town Council","2018","Primary","Government","9","D01S01","education"
"Kayunga","Ntenjeru","Kangulumira Town Council","2018","Primary","Private","21","D01S01","education"
"Kayunga","Ntenjeru","Kangulumira Town Council","2018","Secondary","Government","1","D01S01","education"
"Kayunga","Ntenjeru","Kangulumira Town Council","2018","Secondary","Private","3","D01S01","education"
"Kayunga","Ntenjeru","Kangulumira Town Council","2018","Tertiary","Government","0","D01S01","education"
"Kayunga","Ntenjeru","Kangulumira Town Council","2018","Tertiary","Private","0","D01S01","education"
"Kayunga","Bbaale","Kayonza","2018","Primary","Government","31","D01S10","education"
"Kayunga","Bbaale","Kayonza","2018","Primary","Private","21","D01S10","education"
"Kayunga","Bbaale","Kayonza","2018","Secondary","Government","1","D01S10","education"
"Kayunga","Bbaale","Kayonza","2018","Secondary","Private","1","D01S10","education"
"Kayunga","Bbaale","Kayonza","2018","Tertiary","Government","0","D01S10","education"
"Kayunga","Bbaale","Kayonza","2018","Tertiary","Private","0","D01S10","education"
"Kayunga","Ntenjeru","Kayunga","2018","Primary","Government","19","D01S06","education"
"Kayunga","Ntenjeru","Kayunga","2018","Primary","Private","45","D01S06","education"
"Kayunga","Ntenjeru","Kayunga","2018","Secondary","Government","1","D01S06","education"
"Kayunga","Ntenjeru","Kayunga","2018","Secondary","Private","5","D01S06","education"
"Kayunga","Ntenjeru","Kayunga","2018","Tertiary","Government","0","D01S06","education"
"Kayunga","Ntenjeru","Kayunga","2018","Tertiary","Private","1","D01S06","education"
"Kayunga","Ntenjeru","Kayunga Town Council","2018","Primary","Government","7","D01S05","education"
"Kayunga","Ntenjeru","Kayunga Town Council","2018","Primary","Private","25","D01S05","education"
"Kayunga","Ntenjeru","Kayunga Town Council","2018","Secondary","Government","2","D01S05","education"
"Kayunga","Ntenjeru","Kayunga Town Council","2018","Secondary","Private","4","D01S05","education"
"Kayunga","Ntenjeru","Kayunga Town Council","2018","Tertiary","Government","0","D01S05","education"
"Kayunga","Ntenjeru","Kayunga Town Council","2018","Tertiary","Private","0","D01S05","education"
"Kayunga","Bbaale","Kitimbwa","2018","Primary","Government","18","D01S11","education"
"Kayunga","Bbaale","Kitimbwa","2018","Primary","Private","8","D01S11","education"
"Kayunga","Bbaale","Kitimbwa","2018","Secondary","Government","1","D01S11","education"
"Kayunga","Bbaale","Kitimbwa","2018","Secondary","Private","0","D01S11","education"
"Kayunga","Bbaale","Kitimbwa","2018","Tertiary","Government","0","D01S11","education"
"Kayunga","Bbaale","Kitimbwa","2018","Tertiary","Private","1","D01S11","education"
"Kayunga","Bbaale","Kitimbwa Town Council","2018","Primary","Government","8","D01S13","education"
"Kayunga","Bbaale","Kitimbwa Town Council","2018","Primary","Private","5","D01S13","education"
"Kayunga","Bbaale","Kitimbwa Town Council","2018","Secondary","Government","0","D01S13","education"
"Kayunga","Bbaale","Kitimbwa Town Council","2018","Secondary","Private","3","D01S13","education"
"Kayunga","Bbaale","Kitimbwa Town Council","2018","Tertiary","Government","0","D01S13","education"
"Kayunga","Bbaale","Kitimbwa Town Council","2018","Tertiary","Private","0","D01S13","education"
"Kayunga","Ntenjeru","Nazigo","2018","Primary","Government","15","D01S04","education"
"Kayunga","Ntenjeru","Nazigo","2018","Primary","Private","50","D01S04","education"
"Kayunga","Ntenjeru","Nazigo","2018","Secondary","Government","1","D01S04","education"
"Kayunga","Ntenjeru","Nazigo","2018","Secondary","Private","5","D01S04","education"
"Kayunga","Ntenjeru","Nazigo","2018","Tertiary","Government","0","D01S04","education"
"Kayunga","Ntenjeru","Nazigo","2018","Tertiary","Private","1","D01S04","education"
"Kayunga","Ntenjeru","Nazigo Town Council","2018","Primary","Government","4","D01S03","education"
"Kayunga","Ntenjeru","Nazigo Town Council","2018","Primary","Private","5","D01S03","education"
"Kayunga","Ntenjeru","Nazigo Town Council","2018","Secondary","Government","1","D01S03","education"
"Kayunga","Ntenjeru","Nazigo Town Council","2018","Secondary","Private","2","D01S03","education"
"Kayunga","Ntenjeru","Nazigo Town Council","2018","Tertiary","Government","0","D01S03","education"
"Kayunga","Ntenjeru","Nazigo Town Council","2018","Tertiary","Private","0","D01S03","education"
"Kayunga","Bbaale","Bbaale","2017","Primary","Government","6","D01S09","education"
"Kayunga","Bbaale","Bbaale","2017","Primary","Private","16","D01S09","education"
"Kayunga","Bbaale","Bbaale","2017","Secondary","Government","1","D01S09","education"
"Kayunga","Bbaale","Bbaale","2017","Secondary","Private","1","D01S09","education"
"Kayunga","Bbaale","Bbaale","2017","Tertiary","Government","0","D01S09","education"
"Kayunga","Bbaale","Bbaale","2017","Tertiary","Private","0","D01S09","education"
"Kayunga","Ntenjeru","Busaana","2017","Primary","Government","21","D01S08","education"
"Kayunga","Ntenjeru","Busaana","2017","Primary","Private","16","D01S08","education"
"Kayunga","Ntenjeru","Busaana","2017","Secondary","Government","1","D01S08","education"
"Kayunga","Ntenjeru","Busaana","2017","Secondary","Private","2","D01S08","education"
"Kayunga","Ntenjeru","Busaana","2017","Tertiary","Government","0","D01S08","education"
"Kayunga","Ntenjeru","Busaana","2017","Tertiary","Private","0","D01S08","education"
"Kayunga","Ntenjeru","Busaana Town Council","2017","Primary","Government","9","D01S07","education"
"Kayunga","Ntenjeru","Busaana Town Council","2017","Primary","Private","6","D01S07","education"
"Kayunga","Ntenjeru","Busaana Town Council","2017","Secondary","Government","1","D01S07","education"
"Kayunga","Ntenjeru","Busaana Town Council","2017","Secondary","Private","1","D01S07","education"
"Kayunga","Ntenjeru","Busaana Town Council","2017","Tertiary","Government","0","D01S07","education"
"Kayunga","Ntenjeru","Busaana Town Council","2017","Tertiary","Private","0","D01S07","education"
"Kayunga","Bbaale","Galiraya","2017","Primary","Government","11","D01S12","education"
"Kayunga","Bbaale","Galiraya","2017","Primary","Private","2","D01S12","education"
"Kayunga","Bbaale","Galiraya","2017","Secondary","Government","1","D01S12","education"
"Kayunga","Bbaale","Galiraya","2017","Secondary","Private","1","D01S12","education"
"Kayunga","Bbaale","Galiraya","2017","Tertiary","Government","0","D01S12","education"
"Kayunga","Bbaale","Galiraya","2017","Tertiary","Private","0","D01S12","education"
"Kayunga","Ntenjeru","Kangulumira","2017","Primary","Government","9","D01S02","education"
"Kayunga","Ntenjeru","Kangulumira","2017","Primary","Private","29","D01S02","education"
"Kayunga","Ntenjeru","Kangulumira","2017","Secondary","Government","0","D01S02","education"
"Kayunga","Ntenjeru","Kangulumira","2017","Secondary","Private","3","D01S02","education"
"Kayunga","Ntenjeru","Kangulumira","2017","Tertiary","Government","1","D01S02","education"
"Kayunga","Ntenjeru","Kangulumira","2017","Tertiary","Private","0","D01S02","education"
"Kayunga","Ntenjeru","Kangulumira Town Council","2017","Primary","Government","9","D01S01","education"
"Kayunga","Ntenjeru","Kangulumira Town Council","2017","Primary","Private","21","D01S01","education"
"Kayunga","Ntenjeru","Kangulumira Town Council","2017","Secondary","Government","1","D01S01","education"
"Kayunga","Ntenjeru","Kangulumira Town Council","2017","Secondary","Private","3","D01S01","education"
"Kayunga","Ntenjeru","Kangulumira Town Council","2017","Tertiary","Government","0","D01S01","education"
"Kayunga","Ntenjeru","Kangulumira Town Council","2017","Tertiary","Private","0","D01S01","education"
"Kayunga","Bbaale","Kayonza","2017","Primary","Government","31","D01S10","education"
"Kayunga","Bbaale","Kayonza","2017","Primary","Private","21","D01S10","education"
"Kayunga","Bbaale","Kayonza","2017","Secondary","Government","1","D01S10","education"
"Kayunga","Bbaale","Kayonza","2017","Secondary","Private","1","D01S10","education"
"Kayunga","Bbaale","Kayonza","2017","Tertiary","Government","0","D01S10","education"
"Kayunga","Bbaale","Kayonza","2017","Tertiary","Private","0","D01S10","education"
"Kayunga","Ntenjeru","Kayunga","2017","Primary","Government","19","D01S06","education"
"Kayunga","Ntenjeru","Kayunga","2017","Primary","Private","45","D01S06","education"
"Kayunga","Ntenjeru","Kayunga","2017","Secondary","Government","1","D01S06","education"
"Kayunga","Ntenjeru","Kayunga","2017","Secondary","Private","5","D01S06","education"
"Kayunga","Ntenjeru","Kayunga","2017","Tertiary","Government","0","D01S06","education"
"Kayunga","Ntenjeru","Kayunga","2017","Tertiary","Private","1","D01S06","education"
"Kayunga","Ntenjeru","Kayunga Town Council","2017","Primary","Government","7","D01S05","education"
"Kayunga","Ntenjeru","Kayunga Town Council","2017","Primary","Private","25","D01S05","education"
"Kayunga","Ntenjeru","Kayunga Town Council","2017","Secondary","Government","2","D01S05","education"
"Kayunga","Ntenjeru","Kayunga Town Council","2017","Secondary","Private","4","D01S05","education"
"Kayunga","Ntenjeru","Kayunga Town Council","2017","Tertiary","Government","0","D01S05","education"
"Kayunga","Ntenjeru","Kayunga Town Council","2017","Tertiary","Private","0","D01S05","education"
"Kayunga","Bbaale","Kitimbwa","2017","Primary","Government","18","D01S11","education"
"Kayunga","Bbaale","Kitimbwa","2017","Primary","Private","8","D01S11","education"
"Kayunga","Bbaale","Kitimbwa","2017","Secondary","Government","1","D01S11","education"
"Kayunga","Bbaale","Kitimbwa","2017","Secondary","Private","0","D01S11","education"
"Kayunga","Bbaale","Kitimbwa","2017","Tertiary","Government","0","D01S11","education"
"Kayunga","Bbaale","Kitimbwa","2017","Tertiary","Private","1","D01S11","education"
"Kayunga","Bbaale","Kitimbwa Town Council","2017","Primary","Government","8","D01S13","education"
"Kayunga","Bbaale","Kitimbwa Town Council","2017","Primary","Private","5","D01S13","education"
"Kayunga","Bbaale","Kitimbwa Town Council","2017","Secondary","Government","0","D01S13","education"
"Kayunga","Bbaale","Kitimbwa Town Council","2017","Secondary","Private","3","D01S13","education"
"Kayunga","Bbaale","Kitimbwa Town Council","2017","Tertiary","Government","0","D01S13","education"
"Kayunga","Bbaale","Kitimbwa Town Council","2017","Tertiary","Private","0","D01S13","education"
"Kayunga","Ntenjeru","Nazigo","2017","Primary","Government","15","D01S04","education"
"Kayunga","Ntenjeru","Nazigo","2017","Primary","Private","50","D01S04","education"
"Kayunga","Ntenjeru","Nazigo","2017","Secondary","Government","1","D01S04","education"
"Kayunga","Ntenjeru","Nazigo","2017","Secondary","Private","5","D01S04","education"
"Kayunga","Ntenjeru","Nazigo","2017","Tertiary","Government","0","D01S04","education"
"Kayunga","Ntenjeru","Nazigo","2017","Tertiary","Private","1","D01S04","education"
"Kayunga","Ntenjeru","Nazigo Town Council","2017","Primary","Government","4","D01S03","education"
"Kayunga","Ntenjeru","Nazigo Town Council","2017","Primary","Private","5","D01S03","education"
"Kayunga","Ntenjeru","Nazigo Town Council","2017","Secondary","Government","1","D01S03","education"
"Kayunga","Ntenjeru","Nazigo Town Council","2017","Secondary","Private","2","D01S03","education"
"Kayunga","Ntenjeru","Nazigo Town Council","2017","Tertiary","Government","0","D01S03","education"
"Kayunga","Ntenjeru","Nazigo Town Council","2017","Tertiary","Private","0","D01S03","education"
